doculect,glottologFamily,iso,population,latitude,longitude,continent,nPhonemes
MANDARIN,Sino-Tibetan,cmn,897902930,34.0,110.0,Asia,43
SPANISH,Indo-European,spa,436667750,40.0,-4.0,Europe,25
ENGLISH,Indo-European,eng,339370920,52.0,0.0,Europe,40
HINDI,Indo-European,hin,260123420,25.0,77.0,Asia,94
PORTUGUESE,Indo-European,por,218765470,39.0,-8.0,Europe,38
BENGALI,Indo-European,ben,189144830,24.0,90.0,Asia,53
RUSSIAN,Indo-European,rus,153612510,56.0,38.0,Europe,38
MALANG,Austronesian,jav,84368500,-7.97,112.62,Oceania,30
SUZHOU_WU,Sino-Tibetan,wuu,80102480,31.3,120.6,Asia,41
KOREAN,Koreanic,kor,77233270,37.5,128.0,Asia,40
STANDARD_GERMAN,Indo-European,deu,76813820,52.0,10.0,Europe,39
FRENCH,Indo-European,fra,76096430,48.0,2.0,Europe,40
TELUGU,Dravidian,tel,74244300,16.0,79.0,Asia,68
CANTONESE,Sino-Tibetan,yue,72893210,23.0,113.0,Asia,32
MARATHI,Indo-European,mar,71775760,19.0,76.0,Asia,55
TURKISH_2,Turkic,tur,71083170,39.0,35.0,Asia,40
URDU,Indo-European,urd,69050130,25.0,67.0,Asia,54
VIETNAMESE,Austroasiatic,vie,68058620,10.5,106.5,Asia,39
TAMIL,Dravidian,tam,67965790,11.0,78.5,Asia,33
CAIRO_ARABIC,Afro-Asiatic,arz,64542400,30.0,31.0,Africa,67
ITALIAN,Indo-European,ita,63370110,43.0,12.0,Europe,30
PERSIAN,Indo-European,pes,52939220,32.0,54.0,Asia,30
HAKKA,Sino-Tibetan,hak,47824550,25.0,116.0,Asia,31
GUJARATI,Indo-European,guj,46857670,23.0,72.0,Asia,60
POLISH,Indo-European,pol,40441370,52.0,20.0,Europe,37
BHOIPURI,Indo-European,bho,39445300,26.0,84.0,Asia,51
KANNADA,Dravidian,kan,37739040,14.0,76.0,Asia,47
UKRAINIAN,Indo-European,ukr,34710100,49.0,33.0,Europe,30
MALAYALAM,Dravidian,mal,34451800,10.0,76.5,Asia,43
SUNDANESE,Austronesian,sun,34000000,-7.0,107.0,Oceania,26
YANGON_BURMESE,Sino-Tibetan,mya,32875600,16.8,96.15,Asia,50
ORIYA,Indo-European,ory,32137870,21.0,85.0,Asia,43
PUNJABI_MAJHI,Indo-European,pan,29258970,31.0,74.0,Asia,73
ARABIC_SUDANESE_SPOKEN,Afro-Asiatic,apd,28876000,15.55,32.53,Africa,62
HAUSA,Afro-Asiatic,hau,27374100,12.0,7.0,Africa,45
UZBEK,Turkic,uzn,25170100,40.67,66.5,Asia,30
TAGALOG,Austronesian,tgl,24628290,15.0,121.0,Oceania,28
ROMANIAN,Indo-European,ron,24150840,46.0,25.0,Europe,31
MOROCCAN_ARABIC,Afro-Asiatic,ary,23301200,34.0,-6.0,Africa,78
INDONESIAN,Austronesian,ind,23195070,0.0,106.0,Oceania,31
DUTCH,Indo-European,nld,22163020,52.5,6.0,Europe,39
AMHARIC_2,Afro-Asiatic,amh,21820220,10.0,38.0,Africa,59
DIR_PASHTO,Indo-European,pbu,21038000,35.21,71.88,Asia,33
TAI,Tai-Kadai,tha,20548550,16.0,101.0,Asia,45
SERAIKI,Indo-European,skr,20068000,34.0,71.41,Asia,83
YORUBA,Atlantic-Congo,yor,19043700,8.0,4.33,Africa,29
IGBO_ONITSHA,Atlantic-Congo,ibo,18007950,6.0,7.33,Africa,65
SOMALI,Afro-Asiatic,som,16396400,3.0,45.0,Africa,52
KHMER_2,Austroasiatic,khm,16390040,12.5,105.0,Asia,42
SWAHILI_CHIRAZI,Atlantic-Congo,swh,15992010,-4.02,39.43,Africa,36
CEBUANO,Austronesian,ceb,15810000,10.0,124.0,Oceania,21
NEPALI,Indo-European,npi,15372600,28.0,85.0,Asia,47
KURDISH_KURMANJI,Indo-European,kmr,15103230,38.0,42.0,Asia,47
SINHALA,Indo-European,sin,14210660,7.0,80.5,Asia,53
AZERBAIJANI_SOUTHERN,Turkic,azb,13973280,37.5,47.0,Asia,33
GREEK,Indo-European,ell,13077490,39.0,22.0,Europe,26
ASSAMESE,Indo-European,asm,12828220,26.0,93.0,Asia,37
HUNGARIAN,Uralic,hun,12597540,47.0,20.0,Europe,65
RWANDA,Atlantic-Congo,kin,12115000,-2.0,30.0,Africa,49
ZULU,Atlantic-Congo,zul,11772100,-30.0,30.0,Africa,43
FULFULDE,Atlantic-Congo,fuv,11585000,8.17,10.5,Africa,57
QUETTA_PASHTO,Indo-European,pbt,10734800,30.21,67.02,Asia,33
CZECH,Indo-European,ces,10677190,50.0,15.0,Europe,38
KIRUNDI,Atlantic-Congo,run,10661000,-3.5,30.0,Africa,29
UYGHUR,Turkic,uig,10399460,40.0,80.0,Asia,43
JAMTLANDIC,Indo-European,swe,9244250,63.0,14.67,Europe,35
TEREKEME_AZERI,Turkic,azj,9227260,41.08,45.38,Asia,34
FUZHOU_CHINESE,Sino-Tibetan,cdo,9114870,26.08,119.31,Asia,21
SERBOCROATIAN,Indo-European,srp,8485306,44.0,19.0,Europe,34
TWI_ASANTE,Atlantic-Congo,aka,8214000,6.61,-1.58,Africa,40
S41_XHOSA,Atlantic-Congo,xho,8169300,-32.0,27.0,Africa,84
BULGARIAN,Indo-European,bul,8068620,42.5,25.0,Europe,49
TAJIK,Indo-European,tgk,7863920,38.4,70.0,Asia,29
TIGRINYA,Afro-Asiatic,tir,7747400,14.5,38.5,Africa,39
MALAGASY_TAIMORO,Austronesian,plt,7544380,-22.5,47.9,Oceania,36
F21_SUKUMA,Atlantic-Congo,suk,7300000,-2.83,32.0,Africa,57
KURDISH_CENTRAL,Indo-European,ckb,7250000,36.0,44.0,Asia,39
SHONA_2,Atlantic-Congo,sna,7223100,-18.0,31.0,Africa,42
AFRIKAANS,Indo-European,afr,7218390,-31.0,22.0,Africa,39
TURKMEN_2,Turkic,tuk,7097970,40.0,58.0,Asia,37
ILOKANO,Austronesian,ilo,7016400,16.0,121.0,Oceania,21
MADURESE,Austronesian,mad,6770900,-7.0,113.5,Oceania,35
GIKUYU_2,Atlantic-Congo,kik,6623000,-0.75,36.75,Africa,32
LAKKI_MARWAT_PASHTO,Indo-European,pst,6520000,32.6,70.91,Asia,38
MOORE,Atlantic-Congo,mos,6469300,12.83,-1.25,Africa,43
BODOBELGHORIA_SANTALI,Austroasiatic,sat,6219300,24.5,87.0,Asia,46
GUARANI,Tupian,gug,6050000,-26.0,-56.0,SouthAmerica,36
LAMPANG_THAI,Tai-Kadai,nod,6029500,18.3,99.5,Asia,33
UMBUNDU,Atlantic-Congo,umb,6000000,-12.5,15.0,Africa,30
HILIGAYNON,Austronesian,hil,5770000,10.25,123.0,Oceania,25
BERNESE_GERMAN,Indo-European,gsw,5724200,47.0,7.42,Europe,56
KABYLE_GREATER_KABYLIA_AT_MANGELLAT,Afro-Asiatic,kab,5586000,36.05,5.0,Africa,30
LUGANDA,Atlantic-Congo,lug,5563450,0.5,32.17,Africa,33
DANISH,Indo-European,dan,5532120,56.0,10.0,Europe,69
MINANGKABAU,Austronesian,min,5530000,-1.0,101.0,Oceania,33
KASHMIRI,Indo-European,kas,5484830,34.0,76.0,Asia,56
FINNISH,Uralic,fin,5413380,62.0,25.0,Europe,42
WESTERN_ARMENIAN,Indo-European,hye,5327020,38.5,43.5,Asia,37
WOLOF,Atlantic-Congo,wol,5260600,15.25,-16.0,Africa,40
CROATIAN,Indo-European,hrv,5256400,45.82,15.98,Europe,36
HEBREW,Afro-Asiatic,heb,5239200,31.5,34.83,Asia,30
NORWEGIAN_BOKMAAL,Indo-European,nor,5193250,61.0,8.0,Europe,40
TATAR,Turkic,tat,5188710,56.0,49.5,Asia,43
SLOVAK,Indo-European,slk,5149000,49.0,20.0,Europe,44
BUGINESE,Austronesian,bug,5017800,-4.0,120.0,Oceania,25
KYRGYZ,Turkic,kir,4908350,42.0,75.0,Asia,36
ARABIC_LIBYAN_SPOKEN,Afro-Asiatic,ayl,4802000,32.0,22.0,Africa,50
EASTERN_OROMO,Afro-Asiatic,hae,4530000,9.0,42.0,Africa,60
SONGKHLA_THAI,Tai-Kadai,sou,4500000,7.19,101.0,Asia,35
FULA,Atlantic-Congo,fuc,4459000,15.0,-14.0,Africa,38
LUO,Nilotic,luo,4184000,-0.5,34.75,Africa,35
EWE_ADANGBE,Atlantic-Congo,ewe,4184000,6.33,0.42,Africa,45
LAMANI,Indo-European,lmn,4150000,17.0,77.0,Asia,34
BEMBA,Atlantic-Congo,bem,4110000,-10.0,30.0,Africa,25
VALENCIAN,Indo-European,cat,4105420,39.47,-0.38,Europe,39
BAMBARA,Mande,bam,4096380,12.5,-7.5,Africa,35
BORANA_OROMO,Afro-Asiatic,gax,3949600,4.5,38.5,Africa,36
TASHELHIT_IDA_USEMLAL,Afro-Asiatic,shi,3896000,29.53,-9.61,Africa,31
GEORGIAN,Kartvelian,kat,3669500,42.0,44.0,Asia,35
KANURI,Saharan,knc,3602500,12.0,13.0,Africa,35
ACEH,Austronesian,ace,3500032,5.5,95.5,Oceania,55
DJENNE_CHIINI,Songhay,dje,3370100,13.83,2.17,Africa,40
HIMA_RDC,Atlantic-Congo,nyn,3370000,-0.5,30.5,Africa,28
BALI,Austronesian,ban,3330000,-8.33,115.25,Asia,24
SHAN_2,Tai-Kadai,shn,3295000,22.0,98.0,Asia,34
LAOTIEN,Tai-Kadai,lao,3253700,18.0,103.0,Asia,40
BEJA,Afro-Asiatic,bej,3239000,18.0,36.0,Africa,26
LITHUANIAN,Indo-European,lit,3069590,55.0,24.0,Europe,47
BALOCHI_EASTERN,Indo-European,bgp,3050800,28.0,62.0,Asia,54
BAULE,Atlantic-Congo,bci,3014060,7.0,-5.0,Africa,37
PULAR,Atlantic-Congo,fuf,2988200,11.5,-12.5,Africa,38
SIDAMO,Afro-Asiatic,sid,2980000,6.75,38.3,Africa,35
YAY,Tai-Kadai,pcc,2649100,22.42,104.75,Asia,38
MONGOLIAN,Mongolic,khk,2626590,47.0,105.0,Asia,35
YAO_2,Atlantic-Congo,yao,2521000,-14.5,35.5,Africa,29
LEGAZPI,Austronesian,bcl,2500000,13.33,123.5,Oceania,28
TAMAZIGHT_CENTRAL_ATLAS_AYT_IZDEG,Afro-Asiatic,tzm,2490000,33.2,-4.4,Africa,39
BRAHUI,Dravidian,brh,2433600,28.5,67.0,Asia,33
KONKANI,Indo-European,knn,2423540,15.25,74.0,Asia,37
GALICIAN,Indo-European,glg,2392000,43.0,-8.0,Europe,28
KICHE,Mayan,quc,2330000,15.0,-91.42,SouthAmerica,32
LINGALA_2,Atlantic-Congo,lin,2256710,2.0,18.5,Africa,22
TIV_2,Atlantic-Congo,tiv,2210000,7.5,9.0,Africa,40
JULA_VEHICULAIRE,Mande,dyu,2208000,9.83,-4.67,Africa,39
MAKASSARESE,Austronesian,mak,2130000,-5.42,119.58,Oceania,23
LANGO,Nilotic,laj,2130000,2.17,33.0,Africa,40
SLOVENIAN,Indo-European,slv,2104630,46.0,15.0,Europe,37
SASAK,Austronesian,sas,2100000,-8.67,116.5,Asia,30
ALBANIAN_GHEG,Indo-European,aln,2046480,41.33,20.83,Europe,43
BALOCHI_WESTERN,Indo-European,bgn,2024540,37.83,62.17,Asia,44
SONINKE,Mande,snk,2017110,15.0,-10.5,Africa,39
NUOSU_YI,Sino-Tibetan,iii,2000000,27.88,102.27,Asia,74
SAXON_UPPER,Indo-European,sxu,2000000,51.33,12.48,Europe,35
TOBA_BATAK,Austronesian,bbc,2000000,2.5,99.0,Oceania,21
MENDE,Mande,men,1976000,7.83,-11.5,Africa,34
AFAR,Afro-Asiatic,aar,1968000,12.0,42.0,Africa,27
LUGBARA,Central_Sudanic,lgg,1940000,3.08,30.92,Africa,42
KALENJIN,Nilotic,sgc,1916000,0.5,35.27,Africa,37
KAPAMPANGAN,Austronesian,pam,1905430,15.33,120.5,Oceania,22
ALBANIAN_TOSK,Indo-European,als,1885900,41.0,20.0,Europe,35
WETAWIT,Berta,wti,1810000,10.33,34.67,Africa,29
KURUKH,Dravidian,kru,1804200,22.83,85.5,Asia,68
MAQU_TIBETAN,Sino-Tibetan,adx,1800000,34.0,102.07,Asia,59
MAKONDE,Atlantic-Congo,kde,1777000,-11.0,40.0,Africa,28
MAAY,Afro-Asiatic,ymm,1750000,4.0,44.0,Africa,32
HAYA,Atlantic-Congo,hay,1740000,-2.0,31.5,Africa,29
MALINKE,Mande,mlq,1733000,13.0,-11.0,Africa,27
WELAMO,Ta-Ne-Omotic,wal,1710000,6.83,37.75,Africa,48
BULU,Atlantic-Congo,bum,1658000,3.0,11.0,Africa,36
MASABA,Atlantic-Congo,myx,1650000,1.33,34.25,Africa,63
NORTHERN_NDEBELE,Atlantic-Congo,nde,1634800,-20.0,29.0,Africa,68
THEMNE,Atlantic-Congo,tem,1630000,8.67,-13.08,Africa,25
KABARDIAN,Abkhaz-Adyge,kbd,1628500,43.5,43.5,Asia,56
MARAGUA,Quechuan,quh,1615120,-19.05,-65.43,SouthAmerica,37
MACEDONIAN,Indo-European,mkd,1612550,41.67,21.75,Europe,32
LATVIAN,Indo-European,lvs,1602460,57.0,24.0,Europe,42
YIDDISH_EASTERN,Indo-European,ydd,1546280,52.0,23.0,Europe,47
ACHOLI,Nilotic,ach,1527000,3.0,32.67,Africa,29
IBIBIO_2,Atlantic-Congo,ibb,1500000,5.25,7.83,Africa,32
CUZCO_GNL,Quechuan,quz,1500000,-13.52,-71.98,SouthAmerica,31
CHECHEN,Nakh-Daghestanian,che,1496300,43.25,45.83,Asia,44
CENTRAL_AYMARA_2,Aymaran,ayr,1489000,-17.0,-69.0,SouthAmerica,32
MEITEI,Sino-Tibetan,mni,1485000,24.75,94.0,Asia,33
CHAHA,Afro-Asiatic,sgw,1480000,8.0,37.5,Africa,42
KAREN_SGAW,Sino-Tibetan,ksw,1480000,18.0,97.0,Asia,39
J31c_BUKUSU,Atlantic-Congo,bxk,1470100,0.75,34.67,Africa,30
MAASAI,Nilotic,mas,1455000,-3.0,36.0,Africa,43
M64_TONGA_2,Atlantic-Congo,toi,1448000,-17.0,27.0,Africa,41
KWANYAMA,Atlantic-Congo,kua,1441000,-17.0,16.5,Africa,33
TARIFIT_GUELAIA,Afro-Asiatic,rif,1423000,34.5,-4.0,Africa,49
SERER_SINE,Atlantic-Congo,srr,1410700,14.2,-16.3,Africa,43
DANANSHAN_HMONG,Hmong-Mien,cqd,1400000,23.75,105.91,Asia,56
SURIN,Austroasiatic,kxm,1400000,14.58,103.25,Asia,43
TIGRE_2,Afro-Asiatic,tig,1390000,16.5,38.5,Africa,54
RGYALTHANG,Sino-Tibetan,khg,1380300,28.47,98.65,Asia,62
NGAMBAY,Central_Sudanic,sba,1377000,8.67,16.0,Africa,34
BODO_INDIA,Sino-Tibetan,brx,1334380,26.83,92.0,Asia,21
MANDINKA,Mande,mnk,1325000,13.42,-16.0,Africa,34
NYAMWEZI,Atlantic-Congo,nym,1320000,-5.0,33.0,Africa,53
BASHKIR,Turkic,bak,1252070,53.0,58.0,Asia,38
HADIYYA,Afro-Asiatic,hdy,1250000,7.25,38.0,Africa,56
FONGBE,Atlantic-Congo,fon,1225500,6.42,2.17,Africa,42
TAMANG,Sino-Tibetan,taj,1197500,28.0,85.25,Asia,29
TIBETAN_LHASA,Sino-Tibetan,bod,1172940,30.0,91.0,Asia,34
PANGASINAN,Austronesian,pag,1162140,15.92,120.3,Oceania,21
DAGBANI,Atlantic-Congo,dag,1160000,9.58,-0.5,Africa,37
ZANDE,Atlantic-Congo,zne,1142000,4.0,26.0,Africa,35
ESTONIAN,Uralic,ekk,1130540,59.0,26.0,Europe,54
MUNDARI,Austroasiatic,unr,1120280,23.0,84.67,Asia,37
SUSU,Mande,sus,1106110,10.0,-13.0,Africa,35
CHUVASH,Turkic,chv,1080000,55.5,47.5,Asia,39
FANG_MEKE,Atlantic-Congo,fan,1071900,-1.0,11.42,Africa,41
DACHE,Ta-Ne-Omotic,gmv,1070000,6.7,37.05,Africa,36
TAUSUG,Austronesian,tsg,1062000,6.0,121.0,Oceania,23
FULFULDE_MAASINA,Atlantic-Congo,ffm,1045440,15.0,-5.0,Africa,37
GOURMANCHEMA,Atlantic-Congo,gux,1042500,12.25,1.0,Africa,33
DANGME,Atlantic-Congo,ada,1020000,6.33,-0.12,Africa,39
NGBAKA_BOKANGA,Atlantic-Congo,nga,1016650,3.5,20.0,Africa,34
GARO,Sino-Tibetan,grt,1009000,25.67,90.5,Asia,26
OGULAGHA,Ijoid,ijc,1000000,4.92,5.67,Africa,37
EDO,Atlantic-Congo,bin,1000000,6.42,5.83,Africa,48
TAHOSS,Atlantic-Congo,bom,1000000,9.67,8.83,Africa,29
IGBIRRA,Atlantic-Congo,igb,1000000,8.17,7.0,Africa,31
FULFULDE_ADAMAWA,Atlantic-Congo,fub,999500,9.17,13.5,Africa,34
MENDHAR_GUJARI,Indo-European,gju,992000,33.62,74.13,Asia,50
KABIYE,Atlantic-Congo,kbp,984300,9.67,1.17,Africa,47
NUNG,Tai-Kadai,nut,969000,21.92,106.42,Asia,32
NANDI_2,Nilotic,niq,949000,0.25,35.0,Africa,23
RABAI_2,Atlantic-Congo,nyf,944000,-3.5,39.67,Africa,47
LISU,Sino-Tibetan,lis,942700,26.0,98.0,Asia,39
JINGPHO,Sino-Tibetan,kac,940000,25.33,97.0,Asia,30
DAGAARE,Atlantic-Congo,dga,924000,10.5,-2.67,Africa,54
KUI,Dravidian,kxu,916000,20.0,83.5,Asia,39
KONKOMBA,Atlantic-Congo,xon,915700,10.0,0.08,Africa,42
ATALLA,Quechuan,quy,900000,-12.76,-74.87,SouthAmerica,17
NUER,Nilotic,nus,893000,8.33,32.0,Africa,48
MANADONESE,Austronesian,xmm,850000,1.5,124.83,Oceania,25
FRISIAN_WESTERN,Indo-European,fry,845200,53.0,6.0,Europe,51
KHASI_2,Austroasiatic,kha,843000,25.5,92.0,Asia,28
KEFA,Ta-Ne-Omotic,kbr,835000,7.25,36.25,Africa,27
CHIANGRAI_MIEN,Hmong-Mien,ium,818700,19.55,99.5,Asia,49
KEKCHI,Mayan,kek,817600,16.0,-89.83,SouthAmerica,26
ZHONGKE_WA,Austroasiatic,prk,805700,22.8,99.61,Asia,77
TETSERRET,Afro-Asiatic,ttq,801000,15.45,6.27,Africa,37
DASHI_BAI,Sino-Tibetan,bca,800000,26.31,100.22,Asia,29
QUICHUA_CHIMBORAZO_NIZAG,Quechuan,qug,800000,-2.23,-78.84,SouthAmerica,36
NUPE,Atlantic-Congo,nup,800000,9.1,5.42,Africa,38
KHMU,Austroasiatic,kjg,797500,21.0,102.0,Asia,41
IBAN,Austronesian,iba,784300,2.0,112.0,Asia,25
KOK_BOROK_2,Sino-Tibetan,trp,783000,24.33,92.5,Asia,34
MARANAO,Austronesian,mrw,776000,7.83,124.3,Oceania,17
NIAS_NORTHERN,Austronesian,nia,770000,1.0,97.75,Oceania,25
LENDU_DDRADHA,Central_Sudanic,led,768900,2.0,30.05,Africa,55
AVAR_HID,Nakh-Daghestanian,ava,766500,42.33,46.72,Asia,49
MAYA_YUCATECA,Mayan,yua,762520,20.0,-89.0,SouthAmerica,30
KPELLE,Mande,xpe,760000,7.0,-10.0,Africa,49
FUR,Furan,fvr,745800,13.5,25.0,Africa,30
GA,Atlantic-Congo,gaa,745000,5.67,-0.17,Africa,47
MAMARA_SENOUFO,Atlantic-Congo,myk,738000,12.5,-5.5,Africa,50
POKOT,Nilotic,pko,738000,1.5,35.5,Africa,39
MENGLIAN_TAI,Tai-Kadai,tdd,717400,22.33,99.58,Asia,29
KAMBAATA,Afro-Asiatic,ktb,713000,7.4,37.75,Africa,59
NDONGA_2,Atlantic-Congo,ndo,700000,-18.0,17.0,Africa,30
TERNATE_PASAR,Austronesian,max,700000,-1.0,128.33,Oceania,27
LUSHAI,Sino-Tibetan,lus,687750,23.17,92.83,Asia,43
ANYI,Atlantic-Congo,any,676400,7.0,-3.5,Africa,40
NOBIIN,Nubian,fia,669000,21.0,31.0,Africa,45
KARIMOJONG,Nilotic,kdj,666000,3.0,34.17,Africa,66
BAATONUM,Atlantic-Congo,bba,664000,10.0,2.05,Africa,30
FRAFRA,Atlantic-Congo,gur,663100,10.83,-0.92,Africa,30
MIKRAKH_LEZGI,Nakh-Daghestanian,lez,647810,41.37,47.88,Asia,47
SAMIA,Atlantic-Congo,lsm,646000,0.5,34.0,Africa,34
BISA,Mande,bib,640000,11.5,-0.5,Africa,24
K14_LWENA_2,Atlantic-Congo,lue,635000,-12.0,22.0,Africa,36
MANGBETU_2,Central_Sudanic,mdj,620000,2.5,26.5,Africa,47
DIGOR_OSSETIAN,Indo-European,oss,617570,43.0,44.0,Europe,39
IDOMA,Atlantic-Congo,idu,600000,6.92,7.05,Africa,75
KARO_BATAK,Austronesian,btx,600000,3.25,98.25,Oceania,24
WELSH,Indo-European,cym,590890,52.0,-3.0,Europe,48
ADYGHE,Abkhaz-Adyge,ady,585500,45.23,40.58,Asia,59
KARAKALPAK,Turkic,kaa,584670,43.0,60.0,Asia,38
EWONDO_2,Atlantic-Congo,ewo,578000,4.0,12.0,Africa,34
KORKU,Austroasiatic,kfq,574000,22.5,78.5,Asia,37
GELANGHE_AKHA,Sino-Tibetan,ahk,563960,21.86,100.57,Asia,44
KAREN_PAO,Sino-Tibetan,blk,560740,25.35,100.32,Asia,34
AWNGI,Afro-Asiatic,awn,553400,10.83,36.67,Africa,39
MISING,Sino-Tibetan,mrg,551000,28.5,94.83,Asia,46
LUE_CHIENG_HUNG,Tai-Kadai,khb,550960,22.0,100.67,Asia,31
KUSAL,Atlantic-Congo,kus,549000,11.05,-0.19,Africa,44
KULLO,Ta-Ne-Omotic,dwr,543000,6.75,37.08,Africa,29
BASQUE,Basque,eus,541600,43.0,-3.0,Europe,28
MAM_SAN_SEBASTIAN_H,Mayan,mam,540500,15.0,-91.83,SouthAmerica,43
IZI,Atlantic-Congo,izz,540000,6.33,8.0,Africa,51
LOVARA_ROMANI,Indo-European,rmy,538480,47.0,21.5,Europe,39
DAZAGA,Saharan,dzg,537000,16.0,15.0,Africa,32
LAHU_2,Sino-Tibetan,lhu,530350,20.0,98.17,Asia,40
MAMBWE,Atlantic-Congo,mgr,502000,-9.08,31.17,Africa,36
GURO,Mande,goa,500000,7.0,-6.0,Africa,57
TAMASHEQ,Afro-Asiatic,taq,500000,14.05,-0.25,Africa,43
TSCHEREMISSISCH_URZUM,Uralic,mhr,482000,57.0,48.0,Europe,34
MALTESE,Afro-Asiatic,mlt,474310,35.92,14.42,Europe,55
TETUN,Austronesian,tet,463500,-9.0,126.0,Oceania,19
KAM_ZHANGLU,Tai-Kadai,doc,463000,26.0,108.5,Asia,27
IRAQW_2,Afro-Asiatic,irk,462000,-4.0,35.5,Africa,48
KPELLE_GUINEA,Mande,gkp,460000,8.0,-9.0,Africa,35
KUI_THAILAND_2,Austroasiatic,kdt,452800,14.83,103.92,Asia,47
SAKHA,Turkic,sah,450000,62.0,130.0,Asia,49
REK,Nilotic,dik,450000,8.75,29.0,Africa,63
SANGO,Atlantic-Congo,sag,449000,5.0,18.0,Africa,37
PLAUTDIETSCH,Indo-European,pdt,447360,53.0,10.0,Europe,55
MASALIT,Maban,mls,440000,13.33,22.0,Africa,45
MANINKAKAN_KITA,Mande,mwk,434000,13.0,-9.5,Africa,33
KOROBORO_SENNI,Songhay,ses,430000,16.0,0.0,Africa,48
KUMYK,Turkic,kum,427800,43.0,47.33,Asia,31
RONGA,Atlantic-Congo,rng,424000,-26.0,32.5,Africa,69
SHUPAMEM,Atlantic-Congo,bax,420000,5.5,10.92,Africa,38
KARBI,Sino-Tibetan,mjw,420000,26.33,93.5,Asia,42
KURANKO,Mande,knk,411200,9.33,-11.25,Africa,54
VALANGI,Atlantic-Congo,lag,410000,-4.5,36.0,Africa,52
EFIK,Atlantic-Congo,efi,405260,4.92,8.5,Africa,20
LUNDA_2,Atlantic-Congo,lun,403000,-10.67,24.0,Africa,32
DIGO_1,Atlantic-Congo,dig,401000,-4.25,39.5,Africa,48
KOMO_2,Atlantic-Congo,kmw,400000,-0.25,26.5,Africa,35
LEGA_SHABUNDA_2,Atlantic-Congo,lea,400000,-2.83,27.17,Africa,38
FULIRU,Atlantic-Congo,flr,400000,-3.08,29.0,Africa,35
LOMONGO,Atlantic-Congo,lol,400000,0.0,21.0,Africa,56
ANGAS,Afro-Asiatic,anc,400000,9.5,9.5,Africa,44
DIOLA,Atlantic-Congo,dyo,397100,13.0,-16.0,Africa,29
DURUMA,Atlantic-Congo,dug,397000,-3.78,39.08,Africa,49
G44a_NGAZIDJA,Atlantic-Congo,zdj,396000,-11.8,43.3,Africa,48
MANN,Mande,mev,390000,7.0,-9.0,Africa,39
ATTIE,Atlantic-Congo,ati,381000,6.0,-3.75,Africa,47
NZEMA,Atlantic-Congo,nzi,365700,5.17,-2.5,Africa,40
DORLI_GONDI,Dravidian,kff,362000,17.5,81.33,Asia,24
KALMYK,Mongolic,xal,360800,46.32,44.27,Asia,39
KLAO,Atlantic-Congo,klu,351620,4.75,-8.75,Africa,27
GBARI,Atlantic-Congo,gby,350000,8.75,7.0,Africa,31
GHOMALA_2,Atlantic-Congo,bbj,350000,5.42,10.33,Africa,59
SHE,Ta-Ne-Omotic,bcq,348000,7.07,35.8,Africa,56
NZWANI,Atlantic-Congo,wni,348000,-12.1,44.5,Africa,39
RONDU_BALTI,Sino-Tibetan,bft,347000,35.0,76.0,Asia,53
BRUNEI,Austronesian,kxd,346000,4.94,114.94,Asia,22
MINGRELIAN,Kartvelian,xmf,345530,42.5,42.0,Asia,35
CHIN_TEDIM,Sino-Tibetan,ctd,344000,23.33,93.67,Asia,26
MALDIVIAN,Indo-European,div,340500,4.17,73.5,Asia,39
UDMURT,Uralic,udm,339800,57.5,52.5,Europe,36
KISSI,Atlantic-Congo,kqs,339700,9.06,-10.18,Africa,42
FIJIAN_2,Austronesian,fij,339210,-17.83,178.0,Oceania,30
KALANGA_2,Atlantic-Congo,kck,338000,-20.5,27.5,Africa,71
LUXEMBOURGISH,Indo-European,ltz,336000,49.83,6.17,Europe,46
BASSARI,Atlantic-Congo,bud,329000,10.08,0.5,Africa,30
MUNDANG,Atlantic-Congo,mua,326700,9.67,14.5,Africa,67
MAMPRULI,Atlantic-Congo,maw,326000,10.33,-0.67,Africa,32
INGUSH,Nakh-Daghestanian,inh,322900,43.17,45.08,Asia,48
WAYUU,Arawakan,guc,321000,12.0,-72.0,SouthAmerica,46
BERIA,Saharan,zag,315000,15.17,24.0,Africa,33
ICELANDIC,Indo-European,isl,313840,65.0,-17.0,Europe,39
MAADI,Central_Sudanic,mhi,311000,3.25,31.5,Africa,38
GONJA,Atlantic-Congo,gjn,310000,8.8,-0.75,Africa,39
HMONG_NJUA,Hmong-Mien,hnj,310000,28.0,105.0,Asia,61
HUBA,Afro-Asiatic,hbb,306000,10.33,13.17,Africa,31
NORTHERN_LOW_SAXON,Indo-European,nds,301000,53.1,8.78,Europe,37
SHUIQING_SUI,Tai-Kadai,swi,300120,26.9,107.9,Asia,54
NKAFA,Afro-Asiatic,hig,300000,10.54,13.32,Africa,35
NAXI,Sino-Tibetan,nxq,300000,27.5,100.0,Asia,49
BAMILEKE,Atlantic-Congo,ybb,300000,5.42,10.08,Africa,35
SAYA,Afro-Asiatic,say,300000,9.75,9.55,Africa,54
BASAA,Atlantic-Congo,bas,300000,3.92,10.5,Africa,41
MUNA,Austronesian,mnb,300000,-5.0,122.42,Oceania,33
TAROK,Atlantic-Congo,yer,300000,9.0,10.08,Africa,32
GAYO,Austronesian,gay,300000,4.5,97.5,Oceania,27
MACHAME,Atlantic-Congo,jmc,300000,-3.33,37.0,Africa,46
FRIULIAN,Indo-European,fur,300000,46.17,12.9,Europe,39
YOM,Atlantic-Congo,pil,300000,9.83,1.83,Africa,38
ARI,South_Omotic,aiw,298300,6.0,36.58,Africa,36
MABA_CHAD,Maban,mde,296000,13.75,20.83,Africa,29
TUPURI,Atlantic-Congo,tui,284000,10.17,14.75,Africa,56
TUVAN,Turkic,tyv,283400,52.0,95.0,Asia,29
NAWAR_ZUTT,Indo-European,rmt,281670,32.0,35.0,Asia,45
INNEMOR,Afro-Asiatic,ior,280000,8.0,38.0,Africa,47
GEN,Atlantic-Congo,gej,278900,6.25,1.75,Africa,44
AVBIANWU,Atlantic-Congo,ets,274000,7.25,6.5,Africa,36
TZELTAL_BACHAJON,Mayan,tzh,273000,16.92,-92.0,SouthAmerica,30
CHIN_THADO,Sino-Tibetan,tcz,269200,24.42,93.92,Asia,34
KARA_BODOE,Atlantic-Congo,gya,267000,6.0,15.0,Africa,53
LOMA_LIBERIA,Mande,lom,266000,8.0,-9.5,Africa,42
NAGA_AO,Sino-Tibetan,njo,261000,26.58,94.67,Asia,20
SIBUTU_SOUTHERN_SAMA,Austronesian,ssb,260000,4.5,118.5,Asia,23
MAPUDUNGUN_3,Araucanian,arn,258410,-38.0,-72.0,SouthAmerica,26
LAMA,Atlantic-Congo,las,258000,9.67,1.17,Africa,53
KALABARI,Ijoid,ijn,258000,4.46,6.53,Africa,43
SODDO,Afro-Asiatic,gru,255000,8.5,38.5,Africa,41
ILIT,Kunama,kun,254430,14.5,36.92,Africa,26
SORA,Austroasiatic,srb,253000,20.0,84.33,Asia,31
BADE,Afro-Asiatic,bde,250000,12.83,10.5,Africa,46
OBOLO,Atlantic-Congo,ann,250000,4.58,7.83,Africa,37
IGEDE,Atlantic-Congo,ige,250000,6.53,8.2,Africa,38
ETON_CAMEROON,Atlantic-Congo,eto,250000,4.25,11.5,Africa,38
DINKA_SOUTH_CENTRAL,Nilotic,dib,250000,6.83,30.0,Africa,60
AMBONESE_MALAY,Austronesian,abs,249020,-3.83,128.2,Oceania,23
OKRIKA,Ijoid,okr,248000,4.45,7.03,Africa,36
PNAR_JOWAI,Austroasiatic,pbv,247000,25.16,92.16,Asia,39
CHAM_WESTERN,Austronesian,cja,246000,12.0,105.0,Asia,35
KAGULU,Atlantic-Congo,kki,241000,-6.33,37.0,Africa,31
SABAOT,Nilotic,spy,241000,1.0,34.75,Africa,31
KHARIA,Austroasiatic,khr,240240,22.5,84.33,Asia,41
LAMNSOQ,Atlantic-Congo,lns,240000,6.17,10.75,Africa,45
KAMBERA,Austronesian,xbr,240000,-9.83,120.5,Oceania,29
DZONGKHA,Sino-Tibetan,dzo,237080,27.5,89.6,Asia,58
ZINACANTAN_TZOTZIL,Mayan,tzo,235000,16.35,-92.5,SouthAmerica,26
KOM,Atlantic-Congo,bkm,233000,6.25,10.33,Africa,75
KASEM,Atlantic-Congo,xsm,232600,11.25,-1.25,Africa,40
NISHING,Sino-Tibetan,njz,230000,27.5,93.5,Asia,27
CHOL_TILA,Mayan,ctu,222000,17.4,-92.48,SouthAmerica,26
SUKWA,Atlantic-Congo,ndh,220000,-9.3,33.2,Africa,31
GUMUZ,Gumuz,guk,219000,12.5,35.83,Africa,44
OCCITAN_ARANESE,Indo-European,oci,218310,42.72,0.84,Europe,59
XAMTANGA,Afro-Asiatic,xan,213000,12.42,38.83,Africa,30
MEDUMBA,Atlantic-Congo,byv,210000,5.08,10.5,Africa,25
LOGO,Central_Sudanic,log,210000,3.5,30.0,Africa,39
BRETON,Indo-European,bre,206000,48.0,-3.0,Europe,42
JITA,Atlantic-Congo,jit,205000,-1.5,34.0,Africa,29
NAMA_2,Khoe-Kwadi,naq,202200,-25.5,18.0,Africa,33
YALA,Atlantic-Congo,yba,200000,6.75,8.62,Africa,38
SANTA_MONGOLIAN,Mongolic,sce,200000,31.5,107.5,Asia,34
GBEYA,Atlantic-Congo,gbp,200000,6.67,17.5,Africa,45
IRULA,Dravidian,iru,200000,10.9,76.8,Asia,52
KOYRA_CHIINI,Songhay,khq,200000,17.0,-3.0,Africa,36
KUPANG_MALAY,Austronesian,mkn,200000,-10.18,123.58,Oceania,25
TANGALE,Afro-Asiatic,tan,200000,9.75,11.33,Africa,60
MESQAN,Afro-Asiatic,mvz,195000,8.1,38.34,Africa,41
HERERO_2,Atlantic-Congo,her,191700,-20.58,19.0,Africa,26
SUMBWA,Atlantic-Congo,suw,191000,-3.67,32.0,Africa,32
VAI,Mande,vai,186800,6.92,-11.25,Africa,43
CHONYI,Atlantic-Congo,coh,184000,-3.72,39.75,Africa,47
SOUTHERN_BOBO_MADARE,Mande,bwq,181000,11.5,-4.33,Africa,38
TONGAN_2,Austronesian,ton,180910,-21.17,-175.17,Oceania,17
SHERBRO,Atlantic-Congo,bun,178000,7.5,-12.5,Africa,31
MEHRI,Afro-Asiatic,gdq,177800,17.0,51.5,Asia,45
ANUFO,Atlantic-Congo,cko,177200,10.08,0.25,Africa,43
AHANTE,Atlantic-Congo,aha,175000,4.9,-2.0,Africa,40
SHILLUK,Nilotic,shk,175000,9.67,31.75,Africa,54
NAGA_LOTHA,Sino-Tibetan,njh,170000,26.5,94.25,Asia,46
NAVAJO,Athabaskan-Eyak-Tlingit,nav,169000,36.17,-108.0,NorthAmerica,54
BULI_GHANA,Atlantic-Congo,bwu,168000,10.5,-1.25,Africa,46
IRISH_GAELIC,Indo-European,gle,167940,53.0,-8.0,Europe,68
KWANGALI_2,Atlantic-Congo,kwn,167900,-18.0,19.5,Africa,27
SRE,Austroasiatic,kpm,166000,11.5,108.0,Asia,37
ABUJHMARIA,Dravidian,mrr,165000,19.5,81.0,Asia,39
SHERPA,Sino-Tibetan,xsr,164100,27.75,86.83,Asia,50
LOKELE_ISANGI,Atlantic-Congo,khy,160000,0.17,23.83,Africa,30
KUVI,Dravidian,kxv,158000,18.75,82.67,Asia,37
MOORIORI,Austronesian,mri,157980,-44.0,-176.53,Oceania,20
GIDICHO,Ta-Ne-Omotic,kqy,157000,6.33,38.08,Africa,61
KOMI_ZYRIAN,Uralic,kpv,156000,65.0,55.0,Europe,36
WOBE,Atlantic-Congo,wob,156000,7.42,-7.33,Africa,48
LAK,Nakh-Daghestanian,lbe,154800,42.17,47.17,Asia,69
ABKHAZ,Abkhaz-Adyge,abk,152740,43.08,41.0,Asia,62
MONGUOR,Mongolic,mjg,152000,36.0,102.0,Asia,28
MEEN,Surmic,mym,151000,5.0,37.0,Africa,40
LAPULU_BAJAU,Austronesian,bdl,150000,-4.33,123.0,Oceania,32
BOKO,Mande,bqc,150000,10.5,3.5,Africa,34
QUICHUA_IMBABURA_2,Quechuan,qvi,150000,0.27,-78.23,SouthAmerica,20
MUPUN,Afro-Asiatic,sur,150000,9.5,8.83,Africa,37
RAJBANSHI,Indo-European,rjs,147000,26.5,87.7,Asia,43
NAWDM,Atlantic-Congo,nmz,146000,8.67,1.0,Africa,35
ANYUAK,Nilotic,anu,142600,8.0,33.5,Africa,47
NAGA_TANGKHUL,Sino-Tibetan,nmf,142000,25.0,94.5,Asia,40
NZEBI_1,Atlantic-Congo,nzb,140000,-1.25,13.0,Africa,34
EGGON,Atlantic-Congo,ego,140000,8.67,8.58,Africa,42
FEFE_2,Atlantic-Congo,fmp,140000,5.25,10.17,Africa,25
ZINZA_2,Atlantic-Congo,zin,138000,-2.0,31.7,Africa,30
BANDI,Mande,bza,138000,8.08,-10.25,Africa,48
SENOUFO_TAGWANA,Atlantic-Congo,tgw,138000,8.75,-5.25,Africa,45
J321_KISA,Atlantic-Congo,lks,137000,0.3,34.5,Africa,38
MARGI,Afro-Asiatic,mrt,135000,11.0,13.0,Africa,44
BADAGA,Dravidian,bfq,135000,11.67,76.75,Asia,38
HUASTEC_VERACRUZ,Mayan,hus,132000,21.33,-98.25,SouthAmerica,26
BETE_DALOA,Atlantic-Congo,bev,130000,6.25,-6.25,Africa,37
LIMBUM,Atlantic-Congo,lmp,130000,6.55,10.8,Africa,35
TSUVADI,Atlantic-Congo,tvd,130000,10.77,5.4,Africa,52
DOGON_JAMSAY,Dogon,djm,130000,14.4,-2.4,Africa,60
BIRIFOR_SOUTHERN,Atlantic-Congo,biv,129310,9.67,-2.67,Africa,52
EFUTU,Atlantic-Congo,afu,129000,5.33,-0.75,Africa,50
CHIN_HAKA,Sino-Tibetan,cnh,125000,22.67,93.67,Asia,52
DITAMMARI,Atlantic-Congo,tbz,122600,10.25,1.25,Africa,32
NORTHWESTERN_KOLAMI,Dravidian,kfb,122000,20.0,78.5,Asia,34
KAKO_2,Atlantic-Congo,kkj,121400,4.33,14.25,Africa,50
BILIN_2,Afro-Asiatic,byn,120000,15.75,38.5,Africa,38
TUKANG_BESI_NORTHERN,Austronesian,khc,120000,-5.5,123.5,Oceania,29
BOZO_TIEYAHO,Mande,boz,118000,15.0,-4.0,Africa,36
AKLANON,Austronesian,akl,116800,11.58,122.33,Oceania,20
BENDEGHE,Atlantic-Congo,etu,116700,5.42,8.67,Africa,27
KUNYI,Atlantic-Congo,njx,116000,-4.0,12.9,Africa,55
CURVA,Quechuan,qul,116000,-15.13,-68.99,SouthAmerica,28
KWAYA_2,Atlantic-Congo,kya,115000,-1.75,33.75,Africa,29
ERZYA,Uralic,myv,114540,53.0,45.5,Europe,35
YALUNKA,Mande,yal,114100,10.0,-11.0,Africa,33
JUDEO_ESPAGNOL,Indo-European,lad,112000,40.0,33.0,Europe,34
TWUMWU,Atlantic-Congo,tik,110000,5.83,11.67,Africa,46
ZAIWA,Sino-Tibetan,atb,110000,24.33,98.0,Asia,32
ASTURIAN,Indo-European,ast,110000,43.25,-6.0,Europe,26
KOFYAR,Afro-Asiatic,kwl,110000,8.83,9.17,Africa,36
WANECI,Indo-European,wne,108000,30.1,67.94,Asia,30
NARA,Nara,nrb,108000,15.08,37.58,Africa,22
OROKO,Atlantic-Congo,bdu,106000,4.83,9.33,Africa,29
SAMAL,Austronesian,sml,105000,5.42,120.67,Oceania,36
TAI_DAENG,Tai-Kadai,tyr,105000,19.42,104.8,Asia,35
NAGA_SUMI,Sino-Tibetan,nsm,104000,26.0,94.5,Asia,49
TADAKSAHAK,Songhay,dsq,101800,15.52,2.13,Africa,70
BIALI,Atlantic-Congo,beh,101080,11.33,1.17,Africa,27
TERA,Afro-Asiatic,ttr,101000,11.0,11.83,Africa,48
SWAHILI_MWANI,Atlantic-Congo,wmw,100000,-11.2,40.23,Africa,26
CE,Atlantic-Congo,ruk,100000,9.83,8.58,Africa,57
BAKOSSI,Atlantic-Congo,bss,100000,4.8,9.62,Africa,44
NTOMBA,Atlantic-Congo,nto,100000,-2.0,18.33,Africa,30
NCO,Atlantic-Congo,mda,100000,8.75,8.25,Africa,41
TSAMBAAN_YANZ,Atlantic-Congo,yns,100000,-3.83,18.0,Africa,42
ADIOUKROU,Atlantic-Congo,adj,100000,5.42,-4.58,Africa,31
MAYOGO,Atlantic-Congo,mdm,100000,3.17,28.17,Africa,46
BEMBE,Atlantic-Congo,beq,100000,-3.92,14.08,Africa,41
MBEMBE,Atlantic-Congo,mfn,100000,6.08,8.42,Africa,37
AOMA,Atlantic-Congo,ema,100000,7.08,5.92,Africa,48
KAPAUKU,Nuclear_Trans_New_Guinea,ekg,100000,-3.83,135.5,Oceania,15
BAFUT,Atlantic-Congo,bfd,100000,6.25,9.92,Africa,49
NGITI,Central_Sudanic,niy,100000,1.67,30.25,Africa,56
BEKWARRA,Atlantic-Congo,bkv,100000,6.75,8.92,Africa,36
BOLE,Afro-Asiatic,bol,100000,11.33,11.25,Africa,38
MODO,Central_Sudanic,bex,100000,6.0,30.0,Africa,49
MAMBILA,Atlantic-Congo,mzk,99000,6.75,11.5,Africa,43
TSHANGLA,Sino-Tibetan,tsj,98800,27.83,92.17,Asia,37
SEDANG,Austroasiatic,sed,97520,14.83,108.0,Asia,53
KALI,Atlantic-Congo,kbn,97460,6.67,16.33,Africa,57
DAUR,Mongolic,dta,96100,48.0,124.0,Asia,29
BUOL,Austronesian,blf,96000,1.0,121.5,Oceania,23
BALANTA_GANJA,Atlantic-Congo,bjt,96000,12.25,-15.33,Africa,50
PANGWA,Atlantic-Congo,pbr,95000,-10.0,34.75,Africa,35
INGASSANA,Eastern_Jebel,tbi,93000,11.5,34.0,Africa,33
JANJERO,Ta-Ne-Omotic,jnj,92200,7.83,37.33,Africa,40
MOFU_GUDUR,Afro-Asiatic,mif,90000,10.5,14.0,Africa,44
MBAY,Central_Sudanic,myb,88300,8.25,17.5,Africa,44
GUDE,Afro-Asiatic,gde,88000,10.42,13.42,Africa,36
DUALA,Atlantic-Congo,dua,87700,4.0,9.42,Africa,33
ESTONIAN_VORO,Uralic,vro,87000,57.85,27.0,Europe,44
KUO,Atlantic-Congo,oku,87000,6.25,10.5,Africa,29
ISTHMUS_ZAPOTEC,Otomanguean,zai,85000,16.42,-95.0,SouthAmerica,32
SQULIQ_ATAYAL,Austronesian,tay,84300,24.5,121.33,Asia,27
TZUTUJIL_SAN_JUAN_LA_LAGUNA,Mayan,tzj,83800,14.7,-91.28,SouthAmerica,35
NAGA_CHOKRI,Sino-Tibetan,nri,83600,25.95,94.3,Asia,39
JIARONG_2,Sino-Tibetan,jya,83000,31.5,102.0,Asia,57
NAGA_MAO,Sino-Tibetan,nbi,81000,25.5,94.33,Asia,30
TENGGER_NGADAS,Austronesian,tes,80000,-7.92,112.5,Oceania,42
GIUR,Nilotic,lwo,80000,8.0,28.0,Africa,32
NGIZIM,Afro-Asiatic,ngi,80000,12.08,10.92,Africa,40
PAPANTLA_TOTONAC,Totonacan,top,80000,20.33,-97.33,SouthAmerica,26
TORWALI,Indo-European,trw,80000,34.25,72.0,Asia,51
YAMBA,Atlantic-Congo,yam,80000,6.42,11.08,Africa,38
NYALA,Dajuic,daj,80000,12.25,25.25,Africa,30
NGANGAM,Atlantic-Congo,gng,77400,10.25,0.42,Africa,39
TAMAHAQ_TAHAGGART_2,Afro-Asiatic,thv,77000,23.0,6.0,Africa,37
MIRI,Kadugli-Krongo,xtc,75000,10.83,29.67,Africa,32
ZAPOTEC_LOXICHA,Otomanguean,ztp,75000,16.0,-96.6,SouthAmerica,30
BANNA,South_Omotic,amf,74500,5.0,36.5,Africa,35
MAZAHUA_CENTRAL,Otomanguean,maz,74000,19.42,-99.92,SouthAmerica,63
CHAM_EASTERN,Austronesian,cjm,72900,11.33,108.5,Asia,30
NORTHERN_EMBERA,Chocoan,emp,72200,6.83,-77.17,SouthAmerica,32
AKPAFU,Atlantic-Congo,akp,71900,7.25,0.42,Africa,37
NEMBE,Ijoid,ijs,71500,4.5,6.42,Africa,44
SOQOTRI_2,Afro-Asiatic,sqt,71400,12.5,54.0,Asia,34
BURJI_2,Afro-Asiatic,bji,70100,5.5,37.83,Africa,36
MIZA,Central_Sudanic,mgd,70000,4.75,29.75,Africa,38
JUMJUM,Nilotic,jum,70000,10.58,34.0,Africa,39
LEPCHA,Sino-Tibetan,lep,69800,27.17,88.5,Asia,36
CHIRIGUANO,Tupian,gui,69530,-23.67,-64.33,SouthAmerica,24
FAROESE,Indo-European,fao,69000,62.0,-7.0,Europe,36
NCHUMURU,Atlantic-Congo,ncu,69000,7.75,0.25,Africa,30
WAAMA,Atlantic-Congo,wwa,68600,10.58,1.67,Africa,41
ORMA,Afro-Asiatic,orc,66300,-2.0,39.5,Africa,33
TJUBAR_PAIWAN,Austronesian,pwn,66100,22.5,120.83,Asia,26
GIDAR,Afro-Asiatic,gid,65700,10.0,14.0,Africa,38
QHALAXARZI,Atlantic-Congo,xkv,65400,-24.33,22.5,Africa,53
KINNAURI,Sino-Tibetan,kfk,65100,31.5,78.0,Asia,46
KENYANG_KITWII,Atlantic-Congo,ken,65000,5.67,9.5,Africa,41
MONO_CONGO,Atlantic-Congo,mnh,65000,4.0,19.0,Africa,44
MBE,Atlantic-Congo,mfo,65000,6.58,8.83,Africa,37
OJILA,Central_Sudanic,avu,65000,4.67,30.0,Africa,55
KOMI_PERMYAK,Uralic,koi,63100,59.5,54.5,Europe,37
RAWANG,Sino-Tibetan,raw,63000,27.5,97.5,Asia,34
NGOMBA,Atlantic-Congo,jgo,63000,5.67,10.25,Africa,27
ACHANG,Sino-Tibetan,acn,62700,25.0,98.5,Asia,59
CHAMORRO,Austronesian,cha,62500,13.45,144.75,Oceania,36
SAMBA_LEKO,Atlantic-Congo,ndi,62000,8.5,12.5,Africa,34
JIVARO_SHUAR,Chicham,jiv,61900,-2.5,-78.0,SouthAmerica,24
GAELIC_SCOTTISH,Indo-European,gla,61170,57.0,-4.0,Europe,82
NATENI,Atlantic-Congo,ntm,61000,10.5,1.17,Africa,40
SAURIA_PAHARIA,Dravidian,mjt,61000,25.0,87.33,Asia,34
NAFAARA,Atlantic-Congo,nfr,61000,8.0,-2.58,Africa,44
NIGBIKAN,Mande,kga,60000,8.65,-6.25,Africa,43
NAHUATL_DEL_NORTE_DEL_ESTADO_DE_PUEBLA,Uto-Aztecan,ncj,60000,20.0,-98.25,SouthAmerica,20
NGADHA,Austronesian,nxg,60000,-8.83,121.0,Oceania,27
MURLE,Surmic,mur,60000,6.5,33.5,Africa,26
DIDINGA,Surmic,did,60000,4.05,33.05,Africa,58
A53_BAFIA_RIKPA,Atlantic-Congo,ksf,60000,5.0,11.17,Africa,48
SANDAWE,Sandawe,sad,60000,-5.0,35.0,Africa,54
IBANI,Ijoid,iby,60000,4.42,7.25,Africa,38
GAGU,Mande,ggu,60000,6.5,-5.5,Africa,36
SIANG,Austronesian,sya,60000,-0.33,114.75,Oceania,17
KWEZO,Atlantic-Congo,kws,60000,-5.0,18.83,Africa,25
DANGALEAT,Afro-Asiatic,daa,60000,12.17,18.33,Africa,28
LILIKO,Atlantic-Congo,lik,60000,2.08,27.58,Africa,45
RENDILLE_2,Afro-Asiatic,rel,60000,2.0,37.5,Africa,33
AKASELEM,Atlantic-Congo,aks,59200,8.83,1.33,Africa,52
SAURI,Afro-Asiatic,shv,59000,17.5,55.0,Asia,38
KRACHI,Atlantic-Congo,kye,58000,7.9,-0.01,Africa,44
MAWO_QIANG,Sino-Tibetan,cng,57800,32.06,103.17,Asia,73
WEST_GREENLANDIC,Eskimo-Aleut,kal,57000,64.0,-51.0,NorthAmerica,38
PLANG,Austroasiatic,blr,55200,21.57,100.13,Asia,40
PURHEPECHA_2,Tarascan,tsz,55000,19.5,-101.67,SouthAmerica,32
DENGEBU,Narrow_Talodi,dec,55000,10.75,29.9,Africa,26
AGUARUNA_2,Chicham,agr,53600,-5.0,-78.0,SouthAmerica,20
PARJI,Dravidian,pci,51200,19.5,82.5,Asia,31
GOLIN,Nuclear_Trans_New_Guinea,gvf,51100,-6.33,144.75,Oceania,23
MBUM,Atlantic-Congo,mdd,51100,7.75,13.17,Africa,38
KERA,Afro-Asiatic,ker,50500,9.83,15.08,Africa,30
MUNGAKA,Atlantic-Congo,mhk,50100,5.92,10.0,Africa,33
MABAAN,Nilotic,mfz,50000,9.75,33.75,Africa,45
TIRURAY,Austronesian,tiy,50000,6.75,124.17,Oceania,22
BALESE,Central_Sudanic,les,50000,2.0,29.0,Africa,42
TOURA,Mande,neb,50000,7.9,-7.5,Africa,50
DOGON,Dogon,dts,50000,14.5,-3.33,Africa,28
JILI,Atlantic-Congo,mgi,50000,8.5,8.33,Africa,48
IZERE,Atlantic-Congo,izr,50000,10.0,9.0,Africa,39
BUEM_LELEMI,Atlantic-Congo,lef,48900,7.33,0.5,Africa,34
CHEPANG,Sino-Tibetan,cdm,48500,27.67,84.75,Asia,24
HUICHOL,Uto-Aztecan,hch,47600,22.0,-104.0,SouthAmerica,25
TIKUNA,Ticuna-Yuri,tca,47200,-4.0,-70.5,SouthAmerica,38
MBUKUSHU,Atlantic-Congo,mhw,47100,-18.0,22.83,Africa,29
KUTEB,Atlantic-Congo,kub,46000,7.17,10.0,Africa,46
AMUZGO,Otomanguean,amu,45900,16.83,-98.0,SouthAmerica,37
NLE_MBO,Atlantic-Congo,mbo,45000,5.2,10.05,Africa,31
B11c_GALWA_2,Atlantic-Congo,mye,45000,-1.25,9.5,Africa,36
KEWA_EAST,Nuclear_Trans_New_Guinea,kjs,45000,-6.33,143.92,Oceania,20
BAGIRMI,Central_Sudanic,bmi,44800,11.67,16.0,Africa,48
RERE,Heibanic,kib,44300,11.87,30.47,Africa,45
WOSERA,Ndu,abt,44000,-3.83,143.0,Oceania,24
ARGOBBA,Afro-Asiatic,agj,43700,10.17,40.08,Africa,38
WANDALA,Afro-Asiatic,mfi,43500,11.5,13.75,Africa,52
NDUT_FALOR,Atlantic-Congo,ndv,43000,14.92,-16.92,Africa,34
KHAKAS,Turkic,kjh,42610,53.0,90.0,Asia,39
TEDAGA,Saharan,tuq,42500,20.0,19.0,Africa,35
BURUN,Nilotic,bdi,41000,10.75,34.0,Africa,38
TOBA,Guaicuruan,tob,40760,-26.5,-59.0,SouthAmerica,28
WA_2,Austroasiatic,wbm,40700,23.0,98.0,Asia,49
TEOCUITLAPA_MEPHAA,Otomanguean,tpx,40200,17.35,-98.93,SouthAmerica,30
HUANUCO,Quechuan,qub,40000,-9.81,-76.24,SouthAmerica,22
YAURE,Mande,yre,40000,6.96,-5.55,Africa,45
TIRO,Heibanic,tic,40000,10.97,30.95,Africa,42
NONI,Atlantic-Congo,nhu,40000,6.42,10.58,Africa,33
KEO,Austronesian,xxk,40000,-8.83,121.25,Oceania,30
ITOO,Atlantic-Congo,ahs,40000,9.33,7.42,Africa,36
KOOZIME,Atlantic-Congo,ozm,40000,3.4,13.1,Africa,52
ITEN,Atlantic-Congo,etx,40000,9.73,8.63,Africa,74
MIDDLE_WAHGI,Nuclear_Trans_New_Guinea,wgi,39000,-5.83,144.72,Oceania,23
BABANKI,Atlantic-Congo,bbk,39000,6.08,10.32,Africa,33
B77a_KUKUYA_1,Atlantic-Congo,kkw,38800,-2.33,14.5,Africa,28
PURIK,Sino-Tibetan,prx,37700,34.67,76.0,Asia,37
SHINASSHA_2,Ta-Ne-Omotic,bwo,37500,10.42,36.17,Africa,25
CHONTAL_TABASCO,Mayan,chf,37100,18.17,-92.58,SouthAmerica,37
CAR,Austroasiatic,caq,37000,9.0,93.0,Asia,25
RUTUL,Nakh-Daghestanian,rut,36400,41.5,47.42,Asia,64
DCIRIKU,Atlantic-Congo,diu,36000,-18.33,21.67,Africa,28
ROR,Atlantic-Congo,gel,36000,11.5,4.83,Africa,56
MAJI,Dizoid,mdx,35950,6.16,36.5,Africa,30
PEVE_LAME,Afro-Asiatic,lme,35720,9.0,14.5,Africa,38
KARELIAN,Uralic,krl,35600,64.0,32.0,Europe,30
ASHANINKA,Arawakan,cni,35200,-12.0,-74.0,SouthAmerica,21
ISAMORONG_IVATAN,Austronesian,ivv,35000,20.28,121.93,Oceania,23
MMEN,Atlantic-Congo,bfm,35000,6.33,10.25,Africa,41
NUGUNU,Atlantic-Congo,yas,35000,4.58,11.25,Africa,26
GUAHIBO,Guahiboan,guh,34200,5.0,-69.0,SouthAmerica,29
MUNDANI,Atlantic-Congo,mnf,34000,5.67,9.92,Africa,41
KURUX_NEPALI,Dravidian,kxl,33700,26.6,86.0,Asia,39
BIJOGO,Atlantic-Congo,bjg,33400,11.33,-16.0,Africa,25
KULUNG,Sino-Tibetan,kle,33200,27.5,87.0,Asia,43
PACOH,Austroasiatic,pac,32500,16.42,107.08,Asia,33
BRAO,Austroasiatic,brb,32230,14.17,107.5,Asia,31
BETTA_KURUMBA,Dravidian,xub,32000,11.48,76.73,Asia,37
KRUMAN,Atlantic-Congo,ted,31450,4.59,-7.26,Africa,39
POHNPEIAN,Austronesian,pon,31350,6.88,158.3,Oceania,20
GLAVDA,Afro-Asiatic,glw,31300,11.24,13.9,Africa,43
YENGORU,Ndu,bzf,31300,-3.5,143.5,Oceania,25
MBALANGWE,Atlantic-Congo,sbs,30870,-17.75,24.92,Africa,51
YAROS,Austronesian,adz,30000,-6.3,146.2,Oceania,25
BAKAKA,Atlantic-Congo,bqz,30000,4.8,9.88,Africa,34
BIAK,Austronesian,bhw,30000,-1.17,136.05,Oceania,24
GALO,Sino-Tibetan,adl,30000,28.23,94.04,Asia,29
KAUEN,Kxa,ktz,30000,-21.33,21.75,Africa,141
SENTANI,Sentanic,set,30000,-2.58,140.58,Oceania,17
CHETILLA,Quechuan,qvc,30000,-7.15,-78.67,SouthAmerica,22
MORO,Heibanic,mor,30000,11.0,30.17,Africa,29
TSCHEREMISSISCH_KOZMODEMJANSK,Uralic,mrj,30000,57.0,58.0,Europe,34
DGHWEDE,Afro-Asiatic,dgh,30000,11.0,13.67,Africa,38
EKPEYE,Atlantic-Congo,ekp,30000,5.0,6.67,Africa,37
BOZO_HAINYAHO,Mande,bzx,30000,13.92,-5.5,Africa,34
MAMBILA_ATTA,Atlantic-Congo,mcu,30000,6.75,11.5,Africa,25
KOHUMONO,Atlantic-Congo,bcs,30000,6.03,8.2,Africa,38
PODOKO,Afro-Asiatic,pbi,30000,11.0,14.08,Africa,35
KULANGO_BOUNA,Atlantic-Congo,nku,29900,9.0,-3.0,Africa,46
HDI,Afro-Asiatic,xed,29000,11.87,13.72,Africa,41
WARAO,Warao,wba,28500,9.33,-61.67,SouthAmerica,21
APATANI,Sino-Tibetan,apt,28400,27.5,93.75,Asia,40
PAGIBETE,Atlantic-Congo,pae,28000,3.08,22.0,Africa,51
ZAPOTEC_SAN_LUCAS_QUIAVINI,Otomanguean,zab,28000,16.9,-96.47,SouthAmerica,47
KARSHI,Afro-Asiatic,gwn,27300,8.67,8.08,Africa,46
SIDEME,Atlantic-Congo,avn,27200,6.83,0.42,Africa,50
BABUNGO,Atlantic-Congo,bav,27000,6.12,10.42,Africa,82
RAVULA,Dravidian,yea,26900,12.72,75.37,Asia,39
AGHEM_WEH,Atlantic-Congo,agq,26700,6.67,10.0,Africa,35
MAL,Austroasiatic,mlf,26700,19.33,101.25,Asia,41
KSINMUL_2,Austroasiatic,puo,26570,21.08,104.0,Asia,38
GODIE,Atlantic-Congo,god,26400,5.42,-5.83,Africa,42
BAKA_SUDAN,Central_Sudanic,bdh,26300,4.83,29.25,Africa,46
SHIPIBO,Pano-Tacanan,shp,26000,-7.5,-75.0,SouthAmerica,24
TUKI,Atlantic-Congo,bag,26000,4.42,11.6,Africa,39
ZULGO,Afro-Asiatic,gnd,26000,10.83,14.08,Africa,34
OJIBWA_EASTERN,Algic,ojg,25900,46.0,-80.0,NorthAmerica,27
HARARI,Afro-Asiatic,har,25800,9.25,42.17,Africa,34
MONDO,Atlantic-Congo,muh,25800,4.5,30.0,Africa,41
NORTH_SAAMI,Uralic,sme,25700,69.0,24.0,Europe,74
FALI_MUCHELLA,Afro-Asiatic,fli,25000,10.5,13.4,Africa,50
ELOYI,Atlantic-Congo,afo,25000,8.0,8.17,Africa,51
PERO_2,Afro-Asiatic,pip,25000,9.58,11.0,Africa,30
KENSWEINSEI,Atlantic-Congo,ndb,25000,6.0,10.42,Africa,65
DABA,Afro-Asiatic,dbq,25000,10.17,13.75,Africa,47
ABUA,Atlantic-Congo,abn,25000,4.91,6.69,Africa,40
MFUMTE,Atlantic-Congo,nfu,24700,6.67,11.0,Africa,89
PINYIN,Atlantic-Congo,pny,24600,5.82,10.08,Africa,66
BABA,Atlantic-Congo,bbw,24500,6.12,10.52,Africa,30
QUECHUA_NAPO_LOWLAND,Quechuan,qvo,24000,-0.43,-76.67,SouthAmerica,23
JUANG,Austroasiatic,jun,23700,21.33,86.0,Asia,29
BANA,Afro-Asiatic,bcw,23000,10.25,13.35,Africa,44
LIKPE,Atlantic-Congo,lip,23000,7.35,0.52,Africa,33
JERE,Atlantic-Congo,jer,23000,10.25,8.83,Africa,44
SEPOE,Eleman,tqo,23000,-8.33,146.25,Oceania,14
LELE_GUINEA,Mande,llc,23000,9.25,-10.05,Africa,28
KELIKO,Central_Sudanic,kbo,22500,3.7,30.68,Africa,45
GADSUP,Nuclear_Trans_New_Guinea,gaj,22100,-6.25,146.0,Oceania,19
LAZ,Kartvelian,lzz,22000,41.5,41.5,Asia,32
INGA_PUTUMAYO,Quechuan,inb,22000,1.14,-77.0,SouthAmerica,22
WAN,Mande,wan,22000,7.8,-5.8,Africa,36
BUJEBA,Atlantic-Congo,nmg,22000,3.0,10.17,Africa,55
UDUK,Koman,udu,22000,8.23,34.42,Africa,28
NENETS,Uralic,yrk,21900,69.0,72.0,Europe,34
FAMA,Kadugli-Krongo,kgo,21700,10.5,30.0,Africa,62
BUM_A_CAMEROON,Atlantic-Congo,bmv,21400,6.37,10.17,Africa,47
YAGARIA,Nuclear_Trans_New_Guinea,ygr,21100,-6.33,145.42,Oceania,23
AVIKAM,Atlantic-Congo,avi,21000,5.1,-5.43,Africa,34
GUAMBIANO,Barbacoan,gum,21000,2.5,-76.67,SouthAmerica,24
VUTE_MBANJO,Atlantic-Congo,vut,21000,5.17,12.17,Africa,59
THULUNG,Sino-Tibetan,tdh,20700,27.42,86.5,Asia,38
NKAMI,Atlantic-Congo,nko,20400,7.17,0.25,Africa,34
KO,Atlantic-Congo,xuo,20250,8.0,15.5,Africa,56
KUNG,Kxa,knw,20200,-19.67,18.0,Africa,120
SIWA_BERBER,Afro-Asiatic,siz,20000,29.17,25.5,Africa,38
DERA,Afro-Asiatic,kna,20000,10.0,12.0,Africa,35
HITIGIMA_DANI,Nuclear_Trans_New_Guinea,dni,20000,-4.42,138.5,Oceania,24
MAILOA,Austronesian,mky,20000,0.0,127.5,Oceania,24
ENGENNI,Atlantic-Congo,enn,20000,5.17,6.38,Africa,33
MWAN,Mande,moa,20000,7.9,-5.95,Africa,39
BAKUERI,Atlantic-Congo,bri,20000,4.25,9.25,Africa,31
SERENA,Quechuan,quw,20000,-1.09,-77.93,SouthAmerica,24
BRU_WESTERN_UnnamedInSource,Austroasiatic,brv,20000,16.75,104.75,Asia,42
HECUO_TAROKO,Austronesian,trv,20000,24.17,121.42,Asia,43
ESIMBI,Atlantic-Congo,ags,20000,6.5,9.92,Africa,37
NDOGO,Atlantic-Congo,ndz,20000,7.75,27.0,Africa,38
QUECHUA_DE_LAMBAYEQUE,Quechuan,quf,20000,-6.0,-79.67,SouthAmerica,19
MAI_BRAT,Maybrat,ayz,20000,-1.33,132.5,Oceania,16
NASIOI,South_Bougainville,nas,20000,-6.33,155.58,Oceania,18
DHIMAL,Sino-Tibetan,dhi,19750,26.67,87.75,Asia,53
YANOMAME,Yanomamic,guu,19700,1.75,-65.0,SouthAmerica,19
NHENGATU,Tupian,yrl,19060,1.3,-67.3,SouthAmerica,23
LIGBI,Mande,lig,19000,8.0,-2.57,Africa,38
AWING,Atlantic-Congo,azo,19000,5.87,10.28,Africa,56
MANKON,Atlantic-Congo,nge,18800,6.2,10.0,Africa,40
KOMA,Koman,xom,18530,8.75,33.75,Africa,31
ZERGULLA,Ta-Ne-Omotic,zay,18500,5.9,37.3,Africa,32
KAMAN,Sino-Tibetan,mxj,18200,29.0,96.0,Asia,54
PALAUAN,Austronesian,pau,18150,7.5,134.6,Oceania,22
MAKUSHI,Cariban,mbc,18030,4.0,-60.0,SouthAmerica,22
YAQUI,Uto-Aztecan,yaq,18030,27.5,-110.25,SouthAmerica,22
TSAMAI_2,Afro-Asiatic,tsb,18000,5.42,37.03,Africa,68
NDOK_MBALI,Atlantic-Congo,kzr,18000,8.07,15.12,Africa,40
DOOHWAAYAAYO,Atlantic-Congo,dow,18000,8.67,13.08,Africa,34
GUARANI_KAIWA,Tupian,kgk,18000,-23.0,-55.0,SouthAmerica,26
KAINGANG,Nuclear-Macro-Je,kgp,18000,-26.0,-52.0,SouthAmerica,27
BENG,Mande,nhb,17000,7.83,-4.25,Africa,49
MADA_CAMEROON,Afro-Asiatic,mxu,17000,10.83,14.17,Africa,40
EVENKI_POLIGUS_LITERARY,Tungusic,evn,16800,61.98,94.62,Asia,29
GENYANGA,Atlantic-Congo,ayg,16500,8.11,0.83,Africa,53
BELANDA_VIRI,Atlantic-Congo,bvi,16000,6.75,27.5,Africa,43
CHATINO_WESTERN_HIGHLAND,Otomanguean,ctp,16000,16.25,-97.38,SouthAmerica,25
MAKARY_KOTOKO,Afro-Asiatic,mpi,16000,12.5,14.5,Africa,40
FURU,Central_Sudanic,fuu,16000,4.33,20.58,Africa,41
GBAYA,Kresh-Aja,krs,16000,8.05,24.05,Africa,56
TERENA,Arawakan,ter,15800,-20.0,-56.0,SouthAmerica,23
HOLOHOLO,Atlantic-Congo,hoo,15500,-5.17,29.92,Africa,26
AWA_PIT,Barbacoan,kwi,15130,1.5,-78.25,SouthAmerica,21
MBYA,Tupian,gun,15050,-26.33,-55.0,SouthAmerica,26
CATIO,Chocoan,cto,15040,7.17,-76.33,SouthAmerica,31
BUSA_NIGERIA,Mande,bqp,15000,9.67,4.0,Africa,31
RORO,Austronesian,rro,15000,-8.75,146.6,Oceania,14
KYENGA,Mande,tye,15000,11.63,3.6,Africa,37
TEMIAR,Austroasiatic,tea,15000,5.0,101.5,Asia,49
MBUKO,Afro-Asiatic,mqb,15000,10.77,14.17,Africa,45
LULUBA,Central_Sudanic,lul,15000,4.58,31.63,Africa,46
GWAMA,Koman,kmq,15000,9.5,34.17,Africa,25
PIAROA,Jodi-Saliban,pid,14580,5.0,-67.0,SouthAmerica,30
QUICHUA_TUNGURAHUA_SALASACA,Quechuan,qxl,14300,-1.32,-78.57,SouthAmerica,29
BOSSELA_BOMITABA,Atlantic-Congo,zmx,14220,1.67,17.5,Africa,28
UPPER_PIMA,Uto-Aztecan,ood,14160,32.0,-112.0,NorthAmerica,29
SVAN,Kartvelian,sva,14000,43.0,42.5,Asia,47
KANGA,Kadugli-Krongo,kcp,14000,11.0,29.42,Africa,76
MORI_BAWAH,Austronesian,xmz,14000,-2.08,121.3,Oceania,27
MAMBAI,Atlantic-Congo,mcs,14000,9.5,13.92,Africa,54
NAWURI,Atlantic-Congo,naw,14000,8.17,0.1,Africa,40
KORAGA_KORRA,Dravidian,kfd,14000,13.27,74.97,Asia,34
NIVACLE,Matacoan,cag,13920,-23.5,-60.5,SouthAmerica,28
VAGALA,Atlantic-Congo,vag,13900,9.42,-2.42,Africa,54
PAJADE,Atlantic-Congo,pbp,13510,12.67,-13.7,Africa,43
UPPER_SORBIAN,Indo-European,hsb,13300,51.83,14.5,Europe,42
NCANE,Atlantic-Congo,ncr,13200,6.5,10.58,Africa,41
KWAIO,Austronesian,kwd,13200,-8.95,161.0,Oceania,21
GUAJAJARA,Tupian,gub,13100,-5.0,-46.0,SouthAmerica,21
YULU,Central_Sudanic,yul,13000,8.5,25.25,Africa,42
TEMEIN,Temeinic,teq,13000,11.92,29.42,Africa,25
WONGO_1,Atlantic-Congo,won,12700,-5.75,20.5,Africa,24
WAPISHANA,Arawakan,wap,12500,2.67,-60.0,SouthAmerica,29
TSEZ,Nakh-Daghestanian,ddo,12500,42.25,45.75,Asia,42
CHEROKEE,Iroquoian,chr,12300,35.87,-94.88,NorthAmerica,17
TAGONO,North_Halmahera,mqs,12000,0.5,127.58,Oceania,23
YAGHNOBI,Indo-European,yai,12000,39.0,69.0,Asia,36
BANKON,Atlantic-Congo,abb,12000,4.42,9.58,Africa,37
KOL,Atlantic-Congo,biw,12000,3.67,12.75,Africa,55
CHIPEWYAN,Athabaskan-Eyak-Tlingit,chp,11900,59.0,-106.0,NorthAmerica,61
CURRIPACO,Arawakan,kpc,11880,2.5,-68.5,SouthAmerica,29
LENAKEL_LONASILIAN,Austronesian,tnl,11500,-19.47,169.24,Oceania,21
KPAN,Atlantic-Congo,kpk,11400,7.58,10.17,Africa,34
SELE,Atlantic-Congo,snw,11300,7.4,0.5,Africa,33
DENYA_BAJWO,Atlantic-Congo,anv,11200,6.0,9.42,Africa,30
AUYANA,Nuclear_Trans_New_Guinea,auy,11100,-6.5,145.75,Oceania,20
HUAVE,Huavean,huv,11000,16.22,-95.0,SouthAmerica,29
WOUNAAN,Chocoan,noa,10800,4.0,-77.0,SouthAmerica,33
ASHENINKA,Arawakan,cpu,10700,-10.33,-74.33,SouthAmerica,30
ACHUAR,Chicham,acu,10620,-3.0,-76.0,SouthAmerica,27
TONA_RUKAI,Austronesian,dru,10500,22.83,120.83,Asia,27
WUZLAM,Afro-Asiatic,udl,10500,10.95,14.12,Africa,42
CHOCTAW,Muskogean,cho,10400,32.25,-88.5,NorthAmerica,21
GECHODE,Atlantic-Congo,acd,10400,8.4,0.58,Africa,51
ARBORE_2,Afro-Asiatic,arv,10320,5.0,36.75,Africa,59
BONGO,Central_Sudanic,bot,10100,7.5,28.5,Africa,29
NANCAWRI,Austroasiatic,ncb,10100,8.05,93.5,Asia,35
CHIAPAS_ZOQUE,Mixe-Zoque,zoc,10000,17.0,-93.25,SouthAmerica,32
NORTH_FRISIAN_AMRUM,Indo-European,frr,10000,54.65,8.35,Europe,42
ASHRET_PHALURA,Indo-European,phl,10000,35.44,71.75,Asia,40
UTORO,Heibanic,otr,10000,11.17,30.5,Africa,44
AKUNNU,Atlantic-Congo,ibe,10000,7.58,5.92,Africa,34
WUJIAO_BAIMA,Sino-Tibetan,bqh,10000,33.0,104.22,Asia,66
OKO_OSANYE_ENI,Atlantic-Congo,oks,10000,7.24,6.12,Africa,30
DARIBI,Teberan,mps,10000,-6.55,144.58,Oceania,23
KONJA_NDUNG,Atlantic-Congo,knp,10000,6.42,11.67,Africa,43
ARAGONESE,Indo-European,arg,10000,42.17,-0.17,Europe,45
IDAAN,Austronesian,dbj,10000,5.25,118.83,Asia,23
TINDARET,Yawa-Saweru,yva,10000,-1.75,136.25,Oceania,19
NIZAA,Atlantic-Congo,sgi,10000,7.08,12.5,Africa,90
DOBU,Austronesian,dob,10000,-9.75,150.75,Oceania,24
NDEMLI,Atlantic-Congo,nml,10000,4.67,10.17,Africa,53
LAGWAN,Afro-Asiatic,kot,10000,11.5,14.83,Africa,41
DEGEMA_2,Atlantic-Congo,deg,10000,4.75,6.75,Africa,36
KOGUI,Chibchan,kog,9910,11.0,-73.83,SouthAmerica,36
KIWAI_SOUTHERN,Kiwaian,kjd,9700,-8.58,143.25,Oceania,19
XAVANTE,Nuclear-Macro-Je,xav,9600,-15.0,-52.5,SouthAmerica,24
KHANTY,Uralic,kca,9580,65.0,65.0,Europe,32
JAKALTEKO_EASTERN,Mayan,jac,9500,15.67,-91.67,SouthAmerica,32
ZUNI,Zuni,zun,9430,35.08,-108.83,NorthAmerica,54
CAYAPA,Barbacoan,cbi,9390,0.67,-79.0,SouthAmerica,28
HUAMBISA,Chicham,hub,9330,-4.0,-78.0,SouthAmerica,23
SHIYEYI,Atlantic-Congo,yey,9180,-20.0,23.5,Africa,90
SATERE_MAWE,Tupian,mav,9160,-3.63,-56.75,SouthAmerica,27
REMO,Austroasiatic,bfw,9000,18.0,82.0,Asia,27
LAKKJA,Tai-Kadai,lbc,9000,24.08,110.1,Asia,59
SHALL,Atlantic-Congo,sha,8900,9.87,9.67,Africa,18
BILUA,Bilua,blb,8740,-7.75,156.67,Oceania,41
MOLOKO,Afro-Asiatic,mlw,8500,10.75,14.25,Africa,47
BAFAW,Atlantic-Congo,bwt,8400,4.7,9.47,Africa,47
WANTOAT,Nuclear_Trans_New_Guinea,wnc,8200,-6.17,146.5,Oceania,21
LORHON,Atlantic-Congo,lor,8100,9.63,-3.24,Africa,38
SIPAKAPENSE,Mayan,qum,8000,15.2,-91.56,SouthAmerica,32
GBAYA_MBODOMO,Atlantic-Congo,gmm,8000,4.5,15.5,Africa,37
MMALA,Atlantic-Congo,mmu,8000,4.55,11.1,Africa,34
IKA,Chibchan,arh,8000,10.67,-73.75,SouthAmerica,32
SELARU,Austronesian,slu,8000,-8.2,131.0,Oceania,19
MANAM,Austronesian,mva,7950,-4.0,145.0,Oceania,18
YARURO,Yaruro,yae,7900,7.0,-68.0,SouthAmerica,38
ASHENINKA_UCAYALI_YURUA,Arawakan,cpb,7870,-9.75,-73.67,SouthAmerica,32
CHAYAHUITA,Cahuapanan,cbt,7870,-5.5,-77.0,SouthAmerica,18
HUITOTO_MURUI_2,Huitotoan,huu,7800,-1.0,-73.5,SouthAmerica,20
AHLO,Atlantic-Congo,ahl,7600,6.67,0.67,Africa,33
IKPANA,Atlantic-Congo,lgq,7500,6.92,0.42,Africa,35
LOWA,Sino-Tibetan,loy,7500,28.83,83.83,Asia,43
GBI,Atlantic-Congo,bbp,7500,5.73,20.03,Africa,46
IK_2,Kuliak,ikx,7500,3.75,34.17,Africa,44
MUNDURUKU,Tupian,myu,7500,-7.0,-58.0,SouthAmerica,39
LETINESE,Austronesian,lti,7500,-8.2,127.67,Oceania,22
KALINA,Cariban,car,7358,5.5,-56.0,SouthAmerica,28
KURONDI,Kadugli-Krongo,tbr,7300,10.42,30.75,Africa,55
ABAU_2,Sepik,aau,7270,-4.0,141.25,Oceania,14
KAYAPO,Nuclear-Macro-Je,txu,7100,-9.0,-52.0,SouthAmerica,33
CHRAU,Austroasiatic,crw,7000,10.75,107.5,Asia,33
QUECHUA_CHACHAPOYAS,Quechuan,quk,7000,-6.27,-77.87,SouthAmerica,18
MAMBARE_RIVER,Nuclear_Trans_New_Guinea,bhg,7000,-8.25,148.0,Oceania,35
SELEPET,Nuclear_Trans_New_Guinea,spl,7000,-6.17,147.17,Oceania,21
BRIBRI,Chibchan,bzd,7000,9.42,-83.0,SouthAmerica,27
HUITOTO_MINICA_2,Huitotoan,hto,6800,-0.33,-74.0,SouthAmerica,24
HANGA,Atlantic-Congo,hag,6800,9.5,-1.53,Africa,29
HOPI,Uto-Aztecan,hop,6780,36.0,-110.0,NorthAmerica,49
LOWER_SORBIAN,Indo-European,dsb,6670,51.75,14.33,Europe,42
TUCANO,Tucanoan,tuo,6600,0.5,-69.17,SouthAmerica,27
NOMATSIGUENGA,Arawakan,not,6500,-11.67,-74.5,SouthAmerica,25
LIBIE,Atlantic-Congo,ekm,6400,4.55,11.12,Africa,30
PIAPOCO_2,Arawakan,pio,6380,4.0,-69.5,SouthAmerica,19
CUBEO_2,Tucanoan,cub,6260,1.33,-70.5,SouthAmerica,23
MMANI,Atlantic-Congo,buy,6100,8.48,-13.11,Africa,36
KEIGA,Kadugli-Krongo,kec,6070,11.33,29.67,Africa,59
ORMURI,Indo-European,oru,6050,32.5,69.75,Asia,31
YUKPA,Cariban,yup,6020,10.17,-72.75,SouthAmerica,21
TAUREPANG,Cariban,aoc,6010,5.33,-62.0,SouthAmerica,21
NAMIA,Sepik,nnm,6000,-3.84,141.78,Oceania,15
SOUTH_EFATE_ERAKOR,Austronesian,erk,6000,-17.67,168.25,Oceania,20
MOKEN,Austronesian,mwt,6000,9.08,97.83,Oceania,32
TIGAK,Austronesian,tgc,6000,-2.72,150.8,Oceania,17
SHANGA,Mande,sho,6000,11.55,3.83,Africa,37
MANDI_CAMEROON,Atlantic-Congo,lem,6000,4.7,11.2,Africa,30
YANOMAM,Yanomamic,wca,6000,2.33,-63.0,SouthAmerica,20
CHALCATONGO_MIXTEC,Otomanguean,mig,6000,17.05,-97.57,SouthAmerica,32
KAMANG,Timor-Alor-Pantar,woi,6000,-8.25,124.83,Oceania,28
MAQUIRITARI,Cariban,mch,5950,5.5,-65.0,SouthAmerica,26
GUARAYU,Tupian,gyr,5930,-16.0,-61.58,SouthAmerica,26
MACHIGUENGA,Arawakan,mcb,5910,-12.0,-72.67,SouthAmerica,27
CHIQUITANO,Chiquitano,cax,5860,-17.5,-60.0,SouthAmerica,26
ANDI,Nakh-Daghestanian,ani,5800,42.75,46.25,Asia,68
EVEN,Tungusic,eve,5660,68.0,130.0,Asia,36
EMBERA_CHAMI,Chocoan,cmi,5510,5.0,-76.0,SouthAmerica,28
TRINITARIO,Arawakan,trn,5500,-15.5,-65.0,SouthAmerica,30
NORTH_HIGHLAND_MIXE,Mixe-Zoque,mto,5470,17.25,-96.0,SouthAmerica,23
TELEFOL,Nuclear_Trans_New_Guinea,tlf,5400,-5.0,141.75,Oceania,27
LANGUE_DE_ISLES_MARQUISES,Austronesian,mrq,5390,-8.92,-140.08,Oceania,22
AKAWAIO_2,Cariban,ake,5350,6.0,-59.5,SouthAmerica,23
MOSETEN,Moseten-Chimane,cas,5320,-14.75,-67.83,SouthAmerica,38
AMELE,Nuclear_Trans_New_Guinea,aey,5300,-5.25,145.58,Oceania,20
MUNJANI,Indo-European,mnj,5300,38.39,71.11,Asia,44
THAKALI,Sino-Tibetan,ths,5240,29.0,83.75,Asia,29
YAPESE,Austronesian,yap,5130,9.58,138.17,Oceania,44
CHUKCHEE,Chukotko-Kamchatkan,ckt,5100,65.0,177.0,Asia,22
SANUMA,Yanomamic,xsu,5070,4.5,-64.67,SouthAmerica,24
MIENGE,Atlantic-Congo,bsi,5000,5.33,9.5,Africa,34
BARI_COLUMBIA,Chibchan,mot,5000,9.0,-73.0,SouthAmerica,22
CUVOK,Afro-Asiatic,cuv,5000,10.67,14.0,Africa,29
YAGUA_3,Peba-Yagua,yad,5000,-3.5,-72.0,SouthAmerica,23
LANGA,Koman,lgn,5000,8.33,33.92,Africa,25
TILQUIAPAN_ZAPOTEC,Otomanguean,zts,5000,16.78,-96.58,SouthAmerica,30
ZWAY,Afro-Asiatic,zwa,4880,7.93,38.83,Africa,37
IGNACIANO,Arawakan,ign,4500,-15.17,-65.42,SouthAmerica,25
MARIA_CHIMALAPA,Mixe-Zoque,zoh,4500,16.9,-94.68,SouthAmerica,26
ANGIYAKMIN_FAIWOL,Nuclear_Trans_New_Guinea,fai,4500,-5.5,141.67,Oceania,20
AMANAB,Border,amn,4420,-3.58,141.25,Oceania,19
ABUL,Heibanic,hbn,4410,11.25,30.67,Africa,34
ARAPESH,Nuclear_Torricelli,aon,4340,-3.47,143.17,Oceania,22
ROTOKAS,North_Bougainville,roo,4320,-6.0,155.17,Oceania,11
AYOREO_2,Zamucoan,ayo,4300,-20.25,-59.25,SouthAmerica,30
CHANTYAL,Sino-Tibetan,chx,4280,28.58,83.42,Asia,48
NEA_NOOLI,Austronesian,ntu,4280,-10.78,165.87,Oceania,47
SEMELAI,Austroasiatic,sza,4100,3.0,103.0,Asia,51
STODSDE,Sino-Tibetan,jih,4100,31.5,103.27,Asia,66
IAAI,Austronesian,iai,4080,-20.42,166.58,Oceania,52
EPENA_SAIJA,Chocoan,sja,4010,3.0,-77.0,SouthAmerica,31
DZEKE_DIBOLE,Atlantic-Congo,bvx,4000,1.08,17.25,Africa,31
SOUTH_MALO,Austronesian,mla,4000,-15.74,167.22,Oceania,21
WARIS,Border,wrs,4000,-3.17,141.0,Oceania,22
BAMENYAM,Atlantic-Congo,bce,4000,5.75,10.33,Africa,50
KAMSA,Kamsa,kbh,4000,1.17,-77.0,SouthAmerica,28
FANG,Atlantic-Congo,fak,4000,6.54,10.32,Africa,36
AJYININKA_APURUCAYALI,Arawakan,cpc,4000,-9.92,-74.53,SouthAmerica,26
PILAGA,Guaicuruan,plg,4000,-25.0,-60.0,SouthAmerica,22
IRARUTU,Austronesian,irh,4000,-3.0,133.5,Oceania,19
YANAC,Quechuan,qwa,4000,-8.62,-77.87,SouthAmerica,24
AFITTI,Nyimang,aft,4000,12.47,30.75,Africa,26
CROW,Siouan,cro,3960,47.0,-108.0,NorthAmerica,23
MADIJA,Arawan,cul,3900,-6.0,-70.5,SouthAmerica,21
LOKONO,Arawakan,arw,3850,5.5,-55.17,SouthAmerica,21
KONNI,Atlantic-Congo,kma,3800,10.25,-1.58,Africa,49
SAEK_2,Tai-Kadai,skb,3730,17.42,104.75,Asia,44
YAMBETA,Atlantic-Congo,yat,3700,5.03,10.97,Africa,28
SEKOLA_LONTHOIR_BANDA,Austronesian,bpq,3690,-4.54,129.87,Oceania,23
KORAFE_YEGHA,Nuclear_Trans_New_Guinea,kpr,3630,-9.08,149.3,Oceania,24
SUENA,Nuclear_Trans_New_Guinea,sue,3600,-7.75,147.55,Oceania,18
CHINANTEC_SOCHIAPAN,Otomanguean,cso,3590,17.75,-96.67,SouthAmerica,39
KEMEZUNG,Atlantic-Congo,dmo,3540,6.75,10.5,Africa,34
PANARE,Cariban,pbh,3540,6.5,-66.0,SouthAmerica,25
CUNA,Chibchan,kvn,3500,8.0,-77.33,SouthAmerica,21
SHIRUMBA,Heibanic,shw,3500,11.12,30.38,Africa,38
DESANO,Tucanoan,des,3420,0.83,-69.83,SouthAmerica,18
BLACKFOOT,Algic,bla,3350,50.0,-112.67,NorthAmerica,25
BATS,Nakh-Daghestanian,bbl,3200,42.5,45.5,Asia,45
GATA,Austroasiatic,gaq,3060,18.8,82.7,Asia,38
SAYULA_POPOLUCA,Mixe-Zoque,pos,3030,17.83,-95.0,SouthAmerica,25
AYERE,Atlantic-Congo,aye,3000,7.5,6.0,Africa,43
NAKI,Atlantic-Congo,mff,3000,6.75,10.25,Africa,44
NAHUATL_POMARO_AQUILA,Uto-Aztecan,ncl,3000,18.5,-103.0,SouthAmerica,25
KOSHIN,Atlantic-Congo,kid,3000,6.58,10.33,Africa,37
WAMBON,Nuclear_Trans_New_Guinea,wms,3000,-5.5,140.42,Oceania,26
TEPEHUA_TLACHICHILCO,Totonacan,tpt,3000,20.63,-98.2,SouthAmerica,34
TEPEHUA_HUEHUETLA,Totonacan,tee,3000,20.83,-98.17,SouthAmerica,36
ADANG_PITUNG,Timor-Alor-Pantar,adn,3000,-8.17,124.47,Oceania,40
WAWA,Atlantic-Congo,www,3000,6.83,11.75,Africa,49
KALADDARSCH,Kolopom,kig,3000,-8.0,138.5,Oceania,44
INUPIAQ,Eskimo-Aleut,esi,3000,67.0,-161.0,NorthAmerica,27
MOCOVI,Guaicuruan,moc,3000,-27.0,-62.0,SouthAmerica,31
SURSURUNGA,Austronesian,sgz,3000,-3.88,152.77,Oceania,21
KWOMA,Sepik,kmo,3000,-4.17,142.75,Oceania,31
MAH_MERI,Austroasiatic,mhe,2990,2.83,101.5,Asia,58
MODELE,Atlantic-Congo,bby,2980,6.33,10.0,Africa,59
FULNIO,Fulnio,fun,2930,-8.0,-37.5,SouthAmerica,30
MBOWE,Atlantic-Congo,lyn,2880,-15.5,23.58,Africa,22
PUINAVE,Puinave,pui,2880,4.0,-68.0,SouthAmerica,19
CUIBA,Guahiboan,cui,2850,6.5,-70.0,SouthAmerica,25
COLORADO,Barbacoan,cof,2840,-1.0,-79.33,SouthAmerica,25
WARIHIO,Uto-Aztecan,var,2840,27.75,-108.67,SouthAmerica,26
APURINA,Arawakan,apu,2780,-9.0,-67.0,SouthAmerica,40
DJAMBARRPUYNGU,Pama-Nyungan,djr,2760,-12.17,135.5,Oceania,31
YURACARE_YURUJURE,Yurakare,yuz,2680,-16.58,-65.25,SouthAmerica,25
DUMO,Sko,vam,2670,-2.68,141.25,Oceania,28
KARAJA,Nuclear-Macro-Je,kpj,2670,-10.0,-50.33,SouthAmerica,24
WANGKA_WIRU,Pama-Nyungan,pjt,2660,-26.0,130.0,Oceania,25
TOCHO,Narrow_Talodi,taz,2650,10.83,30.25,Africa,27
AMBELE,Atlantic-Congo,ael,2600,5.92,9.67,Africa,51
COFAN,Cofan,con,2580,0.17,-77.17,SouthAmerica,35
WARLPIRI,Pama-Nyungan,wbp,2510,-20.0,132.33,Oceania,24
TUNEBO,Chibchan,tuf,2500,6.75,-72.25,SouthAmerica,19
APANIEKRA,Nuclear-Macro-Je,ram,2500,-7.0,-45.0,SouthAmerica,29
ANGAATAHA,Angan,agm,2500,-7.22,146.25,Oceania,21
NANKINA,Nuclear_Trans_New_Guinea,nnk,2500,-5.78,146.45,Oceania,20
EGA,Atlantic-Congo,ega,2500,5.5,-5.5,Africa,39
KAMDANG,Kadugli-Krongo,tey,2500,11.42,29.17,Africa,59
SAVOSAVO,Savosavo,svs,2420,-9.13,159.8,Oceania,22
JEBERO,Cahuapanan,jeb,2400,-5.42,-76.5,SouthAmerica,23
KUOT,Kuot,kto,2400,-3.05,151.5,Oceania,19
LONGTO,Atlantic-Congo,wok,2400,8.33,13.08,Africa,31
NORTHERN_MAO,Blue_Nile_Mao,myf,2300,9.92,34.5,Africa,36
MATSES,Pano-Tacanan,mcf,2230,-5.42,-73.25,SouthAmerica,21
WAIWAI,Cariban,waw,2230,1.0,-59.0,SouthAmerica,20
TAFOTA_BARUGA,Nuclear_Trans_New_Guinea,bjz,2230,-9.05,148.95,Oceania,24
KELA,Austronesian,kcl,2200,-7.42,147.08,Oceania,30
CHOROTE_IYOWUJWA,Matacoan,crq,2150,-22.5,-62.5,SouthAmerica,21
TSOU,Austronesian,tsu,2130,23.5,120.8,Asia,21
KOREGUAJE,Tucanoan,coe,2100,1.0,-75.5,SouthAmerica,30
LAKOTA,Siouan,lkt,2100,43.83,-101.83,NorthAmerica,36
SIAR,Austronesian,sjr,2080,-4.67,152.92,Oceania,22
MOKSCHA_MORDWINISCH,Uralic,mdf,2030,54.0,44.0,Europe,40
LUSI,Austronesian,khl,2000,-5.58,149.67,Oceania,28
HAWAIIAN_3,Austronesian,haw,2000,19.58,-155.5,Oceania,19
PARESI,Arawakan,pab,2000,-14.0,-57.0,SouthAmerica,19
LEALAO_CHINANTEC,Otomanguean,cle,2000,17.33,-95.92,SouthAmerica,35
YESSAN_MAYO,Sepik,yss,1990,-4.17,142.58,Oceania,20
PAKAANOVA,Chapacuran,pav,1930,-11.33,-65.0,SouthAmerica,20
AMARAKAERI,Harakmbut,amr,1910,-12.5,-70.5,SouthAmerica,33
KASHIBO_SAN_ALEJANDRO,Pano-Tacanan,cbr,1900,-8.5,-75.5,SouthAmerica,21
KRAHO,Nuclear-Macro-Je,xra,1900,-8.0,-48.0,SouthAmerica,46
AWARA,Nuclear_Trans_New_Guinea,awx,1900,-6.17,146.75,Oceania,25
BARASANO,Tucanoan,bsn,1890,-0.17,-70.67,SouthAmerica,17
PIRATAPUYO_2,Tucanoan,pir,1880,0.33,-69.5,SouthAmerica,24
DAMANA,Chibchan,mbp,1850,11.0,-73.5,SouthAmerica,27
MISSONG,Atlantic-Congo,mij,1850,6.58,10.25,Africa,36
TACANA,Pano-Tacanan,tna,1820,-13.5,-68.0,SouthAmerica,22
XERENTE,Nuclear-Macro-Je,xer,1810,-10.0,-48.17,SouthAmerica,27
YUCUNA,Arawakan,ycn,1800,-0.75,-71.0,SouthAmerica,21
MOTLAV,Austronesian,mlv,1800,-13.66,167.69,Oceania,22
JEMEZ,Kiowa-Tanoan,tow,1790,35.83,-107.0,NorthAmerica,61
LAVUKALEVE,Lavukaleve,lvk,1780,-9.08,159.2,Oceania,20
DARMIYA,Sino-Tibetan,drd,1750,30.0,79.75,Asia,42
TIWI,Tiwi,tiw,1740,-11.5,131.0,Oceania,26
PATEP,Austronesian,ptp,1700,-6.92,146.58,Oceania,44
KOIARI_2,Koiarian,kbk,1700,-9.5,147.33,Oceania,16
PINTUPI,Pama-Nyungan,piu,1690,-23.0,129.0,Oceania,23
MONGOWAR,Senagi,kbv,1690,-3.58,141.0,Oceania,17
CAVINENA_2,Pano-Tacanan,cav,1680,-13.33,-66.5,SouthAmerica,24
KORYAK,Chukotko-Kamchatkan,kpy,1670,61.0,167.0,Asia,21
ALYAWARRA,Pama-Nyungan,aly,1660,-22.5,135.0,Oceania,32
WAORANI,Waorani,auc,1650,-1.0,-76.5,SouthAmerica,21
KEMANT_2,Afro-Asiatic,ahg,1650,12.67,37.42,Africa,39
VEPS,Uralic,vep,1640,60.0,35.0,Europe,44
UTE_SOUTHERN_PAIUTE,Uto-Aztecan,ute,1640,37.83,-113.33,NorthAmerica,37
WOGEO,Austronesian,woc,1620,-3.17,144.1,Oceania,20
TIWA_SOUTHERN,Kiowa-Tanoan,tix,1600,35.0,-106.33,NorthAmerica,41
CHAMACOCO,Zamucoan,ceg,1600,-20.58,-58.33,SouthAmerica,37
KADIWEU,Guaicuruan,kbc,1590,-20.0,-57.0,SouthAmerica,31
YAMINAWA,Pano-Tacanan,yaa,1570,-8.0,-73.0,SouthAmerica,22
TODA,Dravidian,tcx,1560,11.42,76.75,Asia,53
SALIBA_COLUMBIA,Jodi-Saliban,slc,1550,6.0,-70.0,SouthAmerica,32
PALIKUR,Arawakan,plu,1540,3.0,-51.0,SouthAmerica,24
ALAMBLAK,Sepik,amp,1530,-4.67,143.33,Oceania,25
TIRIYO,Cariban,tri,1530,3.25,-55.75,SouthAmerica,24
FATAKAI_NUAULU_SERAM,Austronesian,nxl,1500,-3.25,129.17,Oceania,17
NYAKUR_2,Austroasiatic,cbn,1500,15.67,101.67,Asia,50
MACA,Matacoan,mca,1500,-25.0,-57.5,SouthAmerica,32
CHIRICAHUA,Athabaskan-Eyak-Tlingit,apm,1500,33.25,-108.0,NorthAmerica,51
JOMANG,Narrow_Talodi,tlo,1500,10.58,30.5,Africa,21
SAN_JUAN_CHIQUIHUITLAN,Otomanguean,maq,1500,17.75,-96.92,SouthAmerica,38
MOVIMA,Movima,mzp,1450,-13.83,-65.67,SouthAmerica,23
HUNZIB,Nakh-Daghestanian,huz,1420,42.17,46.25,Asia,60
WANUMA,Nuclear_Trans_New_Guinea,wnu,1400,-4.83,145.17,Oceania,20
MIAN,Nuclear_Trans_New_Guinea,mpt,1400,-4.9,141.62,Oceania,25
BORORO,Bororoan,bor,1392,-16.0,-57.0,SouthAmerica,20
BARIAI,Austronesian,bch,1380,-5.48,148.63,Oceania,17
KIOWA,Kiowa-Tanoan,kio,1270,37.0,-99.0,NorthAmerica,42
MAXAKALI,Nuclear-Macro-Je,mbl,1270,-18.0,-40.0,SouthAmerica,20
APINAYE,Nuclear-Macro-Je,apn,1260,-5.5,-48.0,SouthAmerica,49
MATBAT,Austronesian,xmt,1250,-1.7,130.2,Oceania,20
JUPDA,Nadahup,jup,1240,0.17,-69.25,SouthAmerica,29
BELAIT,Austronesian,beg,1240,4.6,114.33,Asia,25
SEIMAT,Austronesian,ssg,1240,-1.5,144.2,Oceania,28
GUNWINGGU_KUNINJKU,Gunwinyguan,gup,1220,-12.5,133.75,Oceania,24
KALA_LAGGAW_YA,Pama-Nyungan,mwp,1210,-10.12,142.12,Oceania,24
NAMUMI,Fasu,faa,1200,-6.58,143.33,Oceania,21
CHIPAYA,Uru-Chipaya,cap,1200,-19.0,-68.4,SouthAmerica,51
ST_LAWRENCE_YUPIK,Eskimo-Aleut,ess,1200,63.5,-170.5,NorthAmerica,36
DUPANINGAN_AGTA,Austronesian,duo,1200,17.83,122.17,Oceania,20
WAYAMPI,Tupian,oym,1180,1.0,-52.0,SouthAmerica,25
MACUNA,Tucanoan,myy,1170,-0.33,-70.17,SouthAmerica,22
SECOYA,Tucanoan,sey,1170,-0.33,-76.0,SouthAmerica,18
KAXINAWA,Pano-Tacanan,cbs,1150,-10.5,-71.83,SouthAmerica,23
YURUTI,Tucanoan,yui,1150,1.0,-70.42,SouthAmerica,17
CANDOSHI,Candoshi-Shapra,cbu,1120,-4.17,-77.0,SouthAmerica,27
DIME,South_Omotic,dim,1100,6.17,36.25,Africa,73
HUARAYO_ESE_EJJA,Pano-Tacanan,ese,1090,-11.9,-70.45,SouthAmerica,21
MAXINERI,Arawakan,mpd,1080,-10.67,-70.25,SouthAmerica,18
TIWA_NORTHERN_TAOS,Kiowa-Tanoan,twf,1070,36.5,-105.5,NorthAmerica,38
BURARRA,Maningrida,bvr,1070,-12.25,134.58,Oceania,21
WIK_MUNGKAN,Pama-Nyungan,wim,1060,-13.92,141.75,Oceania,23
DOLGAN,Turkic,dlg,1050,71.25,98.0,Asia,42
SELKUP,Uralic,sel,1020,65.0,82.0,Europe,34
SURUI_DO_RONDONIA,Tupian,sru,1010,-10.97,-61.13,SouthAmerica,29
KUIKURO,Cariban,kui,1010,-12.08,-53.08,SouthAmerica,26
ARANDAI_SEBYAR,South_Bird's_Head_Family,jbj,1000,-2.08,133.0,Oceania,18
GUAYABERO,Guahiboan,guo,1000,2.83,-72.0,SouthAmerica,22
WESTERN_ARRERNTE,Pama-Nyungan,are,1000,-24.0,132.5,Oceania,29
NGAANYATJARRA,Pama-Nyungan,ntj,1000,-26.0,126.5,Oceania,23
KAYABI,Tupian,kyz,1000,-10.92,-57.42,SouthAmerica,24
ACHE,Tupian,guq,1000,-25.25,-55.17,SouthAmerica,21
ZAPOTEC_ZOOGOCHO,Otomanguean,zpq,1000,17.25,-96.25,SouthAmerica,65
PECH,Chibchan,pay,990,15.0,-85.5,SouthAmerica,28
ARCHI,Nakh-Daghestanian,aqc,970,42.0,46.83,Asia,91
WAU,Nuclear_Torricelli,kms,960,-3.83,143.83,Oceania,29
HADZA,Hadza,hts,950,-3.75,35.17,Africa,62
BAKAIRI,Cariban,bkq,950,-14.0,-55.0,SouthAmerica,29
TUYUCA_2,Tucanoan,tue,940,0.5,-70.08,SouthAmerica,23
MANSI,Uralic,mns,940,62.0,62.0,Europe,31
WAIMIRI_ATROARI,Cariban,atr,930,-0.5,-60.5,SouthAmerica,27
ISEBE,Nuclear_Trans_New_Guinea,igo,910,-5.2,145.71,Oceania,23
ANEITYUM_2,Austronesian,aty,900,-20.2,169.8,Oceania,26
NINAM,Yanomamic,shb,900,3.5,-62.83,SouthAmerica,25
PARAKANA,Tupian,pak,900,-4.75,-50.0,SouthAmerica,17
SERI,Seri,sei,900,29.0,-112.0,SouthAmerica,25
SAMO,East_Strickland,smq,900,-6.17,142.25,Oceania,18
MANTJILTJARA,Pama-Nyungan,mpj,880,-22.67,125.08,Oceania,24
WAYANA,Cariban,way,850,3.25,-54.17,SouthAmerica,16
MIRANA,Boran,boa,850,-2.17,-72.33,SouthAmerica,41
JARAWARA,Arawan,jaa,800,-7.5,-65.5,SouthAmerica,15
URUBU_KAAPOR,Tupian,urb,800,-2.33,-46.5,SouthAmerica,26
LONIU,Austronesian,los,780,-2.07,147.3,Oceania,23
GUUGU_YIMIDHIR,Pama-Nyungan,kky,780,-15.0,144.83,Oceania,23
XOKLENG,Nuclear-Macro-Je,xok,760,-24.5,-50.0,SouthAmerica,37
GUANANO,Tucanoan,gvc,750,0.83,-69.5,SouthAmerica,24
YAREBA,Yareban,yrb,750,-9.5,148.5,Oceania,18
RAMA,Chibchan,rma,740,11.75,-83.75,SouthAmerica,28
KAWKI,Aymaran,jqr,740,-13.0,-76.0,SouthAmerica,42
DENI,Arawan,dny,740,-6.0,-67.0,SouthAmerica,22
NAMBIKWARA,Nambiquaran,nab,720,-13.0,-59.0,SouthAmerica,43
NUKAK_MAKU,Kakua-Nukak,mbr,700,2.65,-71.46,SouthAmerica,24
THAVUNG_SO,Austroasiatic,thm,700,17.42,103.33,Asia,72
KATUKINA_PANO,Pano-Tacanan,knt,700,-8.0,-71.33,SouthAmerica,19
AWTUW,Sepik,kmn,700,-3.58,142.0,Oceania,18
TUMAWO,Sko,skv,700,-2.67,140.92,Oceania,23
SKOLT_SAAMI,Uralic,sms,650,68.0,30.0,Europe,75
WAREKENA,Arawakan,gae,650,1.5,-67.5,SouthAmerica,25
CARAPANA,Tucanoan,cbc,642,0.83,-70.75,SouthAmerica,23
YUWANA_2,Jodi-Saliban,yau,640,5.0,-65.75,SouthAmerica,35
BANIWA,Arawakan,bwi,610,2.7,-66.3,SouthAmerica,37
KYIRONG,Sino-Tibetan,kgy,600,28.25,85.4,Asia,63
CHICKASAW,Muskogean,cic,600,34.0,-97.09,NorthAmerica,25
HIXKARYANA,Cariban,hix,600,-1.0,-59.0,SouthAmerica,23
SOUTH_SAAMI,Uralic,sma,600,64.67,16.75,Europe,45
GURINDJI,Pama-Nyungan,gue,590,-17.67,130.67,Oceania,21
TENHARIM,Tupian,pah,580,-8.0,-62.0,SouthAmerica,26
PITJANTJATJARA_YANKUNTJATJARA,Pama-Nyungan,kdd,560,-27.0,132.0,Oceania,23
TAPIRAPE,Tupian,taf,560,-10.58,-50.67,SouthAmerica,23
CHACOBO,Pano-Tacanan,cao,550,-12.17,-66.75,SouthAmerica,21
WAIMAHA_2,Tucanoan,bao,539,0.33,-70.25,SouthAmerica,25
KOKOTA,Austronesian,kkk,530,-8.0,159.13,Oceania,27
YAWANAWA,Pano-Tacanan,ywn,520,-8.62,-71.83,SouthAmerica,18
AMAHUACA,Pano-Tacanan,amc,520,-10.5,-72.5,SouthAmerica,22
WALMAJARRI,Pama-Nyungan,wmt,510,-19.5,125.75,Oceania,23
TLINGIT,Athabaskan-Eyak-Tlingit,tli,502,59.0,-135.0,NorthAmerica,48
SOUTHERN_MAO,Ta-Ne-Omotic,myo,500,8.67,34.5,Africa,48
SIONA,Tucanoan,snn,500,0.33,-76.25,SouthAmerica,30
BU,Atlantic-Congo,boe,500,6.58,10.25,Africa,38
YUHUP,Nadahup,yab,500,0.0,-69.0,SouthAmerica,35
KASONG,Austroasiatic,cog,500,12.25,102.83,Asia,40
JICARILLA_APACHE,Athabaskan-Eyak-Tlingit,apj,460,36.58,-104.0,NorthAmerica,56
HOAVA,Austronesian,hoa,460,-8.08,157.5,Oceania,21
SHARANAHUA,Pano-Tacanan,mcd,453,-11.0,-70.0,SouthAmerica,22
APALAI,Cariban,apy,450,0.0,-54.0,SouthAmerica,24
TIPAI,Cochimi-Yuman,dih,440,32.17,-116.5,SouthAmerica,34
ISAKA,Sko,ksi,420,-2.83,141.28,Oceania,18
GOONIYANDI,Bunaban,gni,410,-18.47,126.33,Oceania,23
TATUYO,Tucanoan,tav,400,0.75,-70.5,SouthAmerica,17
H42_HUNGANA_2,Atlantic-Congo,hum,400,-3.67,18.42,Africa,33
CACUA,Kakua-Nukak,cbv,400,1.08,-70.0,SouthAmerica,22
SHABO,Shabo,sbf,400,7.58,35.42,Africa,43
DAHALO,Afro-Asiatic,dal,400,-2.33,40.5,Africa,59
KAMAYURA,Tupian,kay,400,-12.08,-52.58,SouthAmerica,26
NADEB,Nadahup,mbj,400,-1.0,-66.5,SouthAmerica,34
SIRIONO,Tupian,srq,400,-15.58,-64.0,SouthAmerica,28
MANANGE,Sino-Tibetan,nmm,390,28.4,84.01,Asia,45
PANARA,Nuclear-Macro-Je,kre,375,-11.3,-53.0,SouthAmerica,26
KOLYMA_YUKAGIR,Yukaghir,yux,370,65.75,150.83,Asia,33
YUKAGHIR_TUNDRA,Yukaghir,ykg,370,69.0,155.0,Asia,32
ANDOQUE,Andoque,ano,370,-0.67,-72.0,SouthAmerica,26
BINUMARIEN,Nuclear_Trans_New_Guinea,bjr,360,-6.28,146.08,Oceania,16
TAPIETE,Tupian,tpj,360,-19.75,-61.67,SouthAmerica,27
PIRAHA,Mura-Piraha,myp,360,-7.0,-62.0,SouthAmerica,11
ULWA,Misumalpan,ulw,350,13.0,-84.5,SouthAmerica,28
SUYA,Nuclear-Macro-Je,suy,350,-11.1,-53.1,SouthAmerica,28
JICAQUE,Jicaquean,jic,350,14.67,-87.0,SouthAmerica,28
CHIMILA,Chibchan,cbg,350,10.0,-74.0,SouthAmerica,36
KILDIN_SAAMI,Uralic,sjd,350,67.0,37.0,Europe,128
TUPARI,Tupian,tpr,340,-11.6,-61.9,SouthAmerica,29
ARARA_DO_PARA,Cariban,aap,340,-3.62,-53.0,SouthAmerica,17
TAMASOPO_PAME,Otomanguean,pmq,340,21.92,-99.4,SouthAmerica,54
GAVIAO_DO_RONDONIA,Tupian,gvo,340,-10.67,-62.0,SouthAmerica,29
GOBABINGO,Pama-Nyungan,guf,330,-12.25,135.5,Oceania,31
MAMAINDE,Nambiquaran,wmd,330,-12.75,-59.17,SouthAmerica,34
SHAWNEE,Algic,sjw,320,35.35,-96.76,NorthAmerica,19
WAURA,Arawakan,wau,320,-12.0,-53.0,SouthAmerica,26
MATIS,Pano-Tacanan,mpq,320,-4.42,-70.25,SouthAmerica,21
NYANGUMARTA,Pama-Nyungan,nna,310,-20.0,121.0,Oceania,27
IKPENG,Cariban,txi,310,-11.38,-53.42,SouthAmerica,18
YINDJIBARNDI,Pama-Nyungan,yij,310,-21.75,117.92,Oceania,25
TANIMUCA,Tucanoan,tnc,300,-0.5,-70.67,SouthAmerica,21
CAMPA_DE_PERENE,Arawakan,prq,300,-11.05,-75.32,SouthAmerica,28
ASURINI,Tupian,asu,300,-3.5,-49.5,SouthAmerica,16
CAQUINTE,Arawakan,cot,300,-11.5,-73.5,SouthAmerica,27
PAUMARI,Arawan,pad,290,-6.0,-64.0,SouthAmerica,28
COWICHAN,Salishan,hur,285,49.25,-122.5,NorthAmerica,47
GUAJA,Tupian,gvj,280,-3.75,-46.17,SouthAmerica,24
JURUNA,Tupian,jur,280,-5.0,-54.5,SouthAmerica,28
ARAWETE,Tupian,awt,280,-5.0,-52.24,SouthAmerica,21
KAXARARI,Pano-Tacanan,ktx,270,-9.42,-66.25,SouthAmerica,20
YOLNGUMATHA,Pama-Nyungan,dhg,270,-12.67,136.75,Oceania,26
TOKITIN_KARATA,Nakh-Daghestanian,kpt,260,43.49,46.62,Asia,53
MAWNG,Iwaidjan_Proper,mph,260,-11.92,133.5,Oceania,24
KWAKWALA,Wakashan,kwk,255,51.0,-127.0,NorthAmerica,55
ACHAGUA,Arawakan,aca,250,4.42,-72.25,SouthAmerica,29
KOKAMA,Tupian,cod,250,-5.0,-74.5,SouthAmerica,16
MAFEA,Austronesian,mkv,250,-15.4,167.23,Oceania,24
DJEEBBANA,Maningrida,djj,240,-12.17,134.17,Oceania,21
GOMAIDJ,Pama-Nyungan,gnn,240,-12.5,135.5,Oceania,31
BARE,Arawakan,bae,240,1.0,-67.0,SouthAmerica,23
MEHINAKU,Arawakan,mmh,230,-12.5,-53.5,SouthAmerica,23
OREJON,Tucanoan,ore,220,-2.83,-72.5,SouthAmerica,20
SIRIANO,Tucanoan,sri,217,0.75,-70.17,SouthAmerica,23
KET,Yeniseian,ket,210,64.0,87.0,Asia,32
DJINANG,Pama-Nyungan,dji,210,-12.33,134.83,Oceania,25
KARO_BRAZIL,Tupian,arr,210,-10.33,-62.0,SouthAmerica,27
KARITIANA,Tupian,ktn,210,-9.5,-64.0,SouthAmerica,25
KITJA,Jarrakan,gia,210,-17.5,127.75,Oceania,24
MIRIWUNG,Jarrakan,mep,210,-15.67,129.0,Oceania,20
GILYAK_WEST_SAKHALIN,Nivkh,niv,200,53.33,142.0,Asia,44
MBALANHU,Atlantic-Congo,lnb,200,-17.5,15.0,Africa,31
NYEU,Austroasiatic,nyl,200,15.0,104.25,Asia,40
SHUSWAP,Salishan,shs,200,52.0,-120.0,NorthAmerica,44
ONGAMO,Nilotic,nsg,200,-3.03,37.47,Africa,31
AJA,Kresh-Aja,aja,200,7.33,25.67,Africa,48
MBU,Atlantic-Congo,muc,200,6.4,10.05,Africa,39
DEFAKA,Ijoid,afn,200,4.58,7.5,Africa,42
OCAINA_2,Huitotoan,oca,194,-2.75,-71.75,SouthAmerica,38
ONEIDA,Iroquoian,one,192,43.0,-75.67,NorthAmerica,22
AIKANA,Aikana,tba,180,-12.67,-60.67,SouthAmerica,32
NGANGIKURRUNGGURR,Southern_Daly,nam,180,-14.0,130.5,Oceania,28
COAST_TSIMSHIAN,Tsimshian,tsi,178,52.5,-129.0,NorthAmerica,41
DALWONGO,Pama-Nyungan,dax,170,-12.92,136.17,Oceania,26
ALABAMA,Muskogean,akz,170,32.33,-87.41,NorthAmerica,21
AWETI,Tupian,awe,170,-12.87,-53.53,SouthAmerica,26
BARDI,Nyulnyulan,bcj,160,-16.58,122.92,Oceania,24
ALEUT,Eskimo-Aleut,ale,155,54.0,-166.0,NorthAmerica,36
MUINANE_2,Boran,bmr,150,-1.0,-72.5,SouthAmerica,28
YIDINY,Pama-Nyungan,yii,150,-17.0,145.75,Oceania,16
TEMBE,Tupian,tqb,150,-5.5,-45.5,SouthAmerica,21
KAYTETYE,Pama-Nyungan,gbb,140,-19.38,134.1,Oceania,43
IWAIDJA,Iwaidjan_Proper,ibd,140,-11.5,132.67,Oceania,23
GODOBERI,Nakh-Daghestanian,gdo,130,42.67,46.08,Asia,66
NOOTKA,Wakashan,nuk,130,49.67,-126.67,NorthAmerica,47
YANYUWA,Pama-Nyungan,jao,120,-16.42,137.17,Oceania,32
ASURINI_XINGU,Tupian,asn,120,-4.25,-52.67,SouthAmerica,27
DJAMINDJUNG,Mirndi,djd,120,-15.08,130.5,Oceania,22
BUNABA,Bunaban,bck,110,-17.75,125.75,Oceania,24
NUNGGUBUYU,Gunwinyguan,nuy,110,-13.75,135.67,Oceania,24
ARAONA,Pano-Tacanan,aro,110,-12.33,-67.75,SouthAmerica,23
WIRADHURI,Pama-Nyungan,wrh,100,-34.0,146.0,Oceania,21
WAALUBAL,Pama-Nyungan,bdy,100,-28.42,152.42,Oceania,20
COMANCHE,Uto-Aztecan,com,100,33.5,-101.5,NorthAmerica,18
SENECA,Iroquoian,see,100,42.5,-77.5,NorthAmerica,27
UDEHE,Tungusic,ude,100,47.67,136.25,Asia,40
NEZ_PERCE,Sahaptian,nez,100,46.0,-116.0,NorthAmerica,36
TARIANA,Arawakan,tae,100,1.0,-69.17,SouthAmerica,38
PANYTYIMA,Pama-Nyungan,pnw,98,-22.83,118.42,Oceania,25
ONGE,Jarawa-Onge,oon,94,10.75,92.42,Asia,24
TOFA,Turkic,kim,93,53.75,98.0,Asia,67
WAJARRI,Pama-Nyungan,wbv,89,-26.0,117.5,Oceania,26
WAMBAYA,Mirndi,wmb,89,-18.67,135.75,Oceania,23
URUEWAUWAU,Tupian,urz,87,-11.0,-64.0,SouthAmerica,26
DAW,Nadahup,kwa,85,-0.25,-67.08,SouthAmerica,39
WARDAMAN,Yangmanic,wrr,84,-15.5,131.0,Oceania,22
AMONDAVA,Tupian,adw,83,-11.14,-63.77,SouthAmerica,26
KARAIM,Turkic,kdr,81,54.67,24.92,Europe,37
N_ITELMEN,Chukotko-Kamchatkan,itl,80,57.5,158.0,Asia,32
DOMPO,Atlantic-Congo,doy,65,8.15,-2.37,Africa,31
TANACROSS,Athabaskan-Eyak-Tlingit,tcb,60,63.5,-143.5,NorthAmerica,54
GARAWA,Garrwan,wrk,59,-17.08,137.17,Oceania,22
KOASATI,Muskogean,cku,59,30.46,-92.64,NorthAmerica,25
NGARINYIN,Worrorran,ung,57,-16.33,126.0,Oceania,24
MARA,Mangarrayi-Maran,mec,57,-15.0,135.17,Oceania,24
DJINGILI,Mirndi,jig,52,-17.75,134.0,Oceania,20
TRUMAI,Trumai,tpy,51,-11.92,-53.58,SouthAmerica,24
TEPES,Kuliak,teu,50,2.58,34.75,Africa,28
ARABELA,Zaparoan,arl,50,-2.0,-75.17,SouthAmerica,18
CAPANAHUA,Pano-Tacanan,kaq,50,-7.0,-74.0,SouthAmerica,24
DJINBA,Pama-Nyungan,djb,45,-13.0,135.0,Oceania,25
MAKURAP,Tupian,mpu,45,-12.5,-62.5,SouthAmerica,20
DJAUAN,Gunwinyguan,djn,43,-14.08,133.25,Oceania,27
GUMBAYNGGIR,Pama-Nyungan,kgs,42,-30.17,152.5,Oceania,19
IRANTXE,Iranxe,irn,40,-13.0,-58.0,SouthAmerica,39
BAURE,Arawakan,brg,40,-13.08,-64.17,SouthAmerica,18
RIKBAKTSA,Nuclear-Macro-Je,rkb,40,-11.83,-57.5,SouthAmerica,28
RAINBARNGO,Gunwinyguan,rmb,36,-12.83,134.58,Oceania,28
GAMILARAAY,Pama-Nyungan,kld,35,-29.83,149.5,Oceania,21
IQUITO,Zaparoan,iqu,35,-3.25,-74.0,SouthAmerica,19
MULLUKMULLUK,Northern_Daly,mpb,33,-13.42,130.42,Oceania,19
RITHARNGU,Pama-Nyungan,rit,32,-12.83,135.5,Oceania,31
MOR_2,Mor,moq,30,-2.83,132.67,Oceania,19
AMI,Western_Daly,amy,30,-13.5,130.0,Oceania,32
THAYORE,Pama-Nyungan,thd,29,-14.35,141.5,Oceania,26
DYIRBAL,Pama-Nyungan,dbl,29,-17.83,145.58,Oceania,16
DYAABUGAY,Pama-Nyungan,dyy,29,-16.75,145.58,Oceania,19
NGALOOMA,Pama-Nyungan,nrl,26,-20.83,117.5,Oceania,23
CADDO,Caddoan,cad,25,33.33,-93.5,NorthAmerica,23
ALUTOR,Chukotko-Kamchatkan,alr,25,61.0,165.0,Asia,27
MEKENS,Tupian,skf,25,-12.5,-61.5,SouthAmerica,35
DARLING,Pama-Nyungan,drl,24,-32.5,142.5,Oceania,26
LARRAKIA,Larrakiyan,lrg,23,-12.67,130.83,Oceania,24
KAYARDILD,Tangkic,gyd,23,-17.05,139.5,Oceania,23
AIHUI_MANCHU,Tungusic,mnc,20,50.25,127.5,Asia,25
PARAUJANO,Arawakan,pbg,20,10.83,-71.92,SouthAmerica,25
PANAMINT,Uto-Aztecan,par,20,37.0,-117.0,NorthAmerica,36
NYANGI,Kuliak,nyp,20,3.42,33.58,Africa,25
YABARANA,Cariban,yar,20,5.33,-66.25,SouthAmerica,18
LEKO,Leko,lec,20,-16.0,-65.5,SouthAmerica,30
LAMALAMA_INLAND,Pama-Nyungan,lby,19,-14.83,143.83,Oceania,29
KOKATA,Pama-Nyungan,ktd,19,-30.0,134.0,Oceania,23
BELLA_COOLA,Salishan,blc,17,52.5,-126.67,NorthAmerica,31
KRIM,Atlantic-Congo,krm,15,7.25,-11.83,Africa,38
MARITHIEL,Western_Daly,mfr,15,-13.83,130.0,Oceania,24
MATNGALA,Eastern_Daly,zml,15,-13.83,130.42,Oceania,22
AVA_CANOEIRO,Tupian,avv,14,-11.3,-50.0,SouthAmerica,24
RESIGARO,Arawakan,rgr,14,-2.42,-71.5,SouthAmerica,35
KUUKU_YAU,Pama-Nyungan,kuy,13,-12.58,143.08,Oceania,21
QAWASQAR,Kawesqar,alc,12,-49.0,-75.0,SouthAmerica,19
KAROK,Karuk,kyh,12,41.67,-123.0,NorthAmerica,41
YUROK,Algic,yur,12,41.33,-124.0,NorthAmerica,35
MAPOYO,Cariban,mcg,12,6.0,-67.0,SouthAmerica,19
SALISH_STRAITS,Salishan,str,12,48.75,-123.25,NorthAmerica,43
MANGARAYI,Mangarrayi-Maran,mpc,12,-14.67,133.5,Oceania,22
ARABANA,Pama-Nyungan,ard,12,-28.25,136.25,Oceania,24
BUAN,Gunwinyguan,ngk,11,-13.5,134.83,Oceania,29
ACHUMAWI,Palaihnihan,acv,10,41.5,-121.0,NorthAmerica,23
KURRAMA,Pama-Nyungan,vku,10,-22.0,117.75,Oceania,27
OMAGUA,Tupian,omg,10,-4.0,-73.5,SouthAmerica,18
KRENAK,Nuclear-Macro-Je,kqq,10,-18.67,-41.0,SouthAmerica,35
DIYARI,Pama-Nyungan,dif,10,-28.0,139.0,Oceania,25
WASHO,Washo,was,10,39.25,-120.0,NorthAmerica,32
LUSHOOTSEED,Salishan,lut,10,48.0,-122.0,NorthAmerica,37
WAGIMAN,Wagiman,waq,10,-14.0,131.25,Oceania,27
MARAMANADJI,Western_Daly,zmm,10,-14.25,130.67,Oceania,20
DARRKINYUNG,Pama-Nyungan,xda,10,-32.93,150.68,Oceania,18
HUPA,Athabaskan-Eyak-Tlingit,hup,8,41.08,-123.67,NorthAmerica,42
YAWALAPITI,Arawakan,yaw,8,-12.5,-53.42,SouthAmerica,21
YANANGO,Pama-Nyungan,jay,7,-12.08,134.92,Oceania,31
SABANE,Nambiquaran,sae,7,-13.1,-60.6,SouthAmerica,18
KWAZA,Kwaza,xwa,7,-12.58,-60.67,SouthAmerica,45
SQUAMISH,Salishan,squ,7,49.67,-123.17,NorthAmerica,37
S_SIERRA_MIWOK,Miwok-Costanoan,skd,7,37.5,-120.0,NorthAmerica,21
CARIJONA,Cariban,cbd,6,1.0,-73.0,SouthAmerica,21
MARENGAR,Western_Daly,zmt,6,-14.25,130.0,Oceania,32
MARTUTHUNIRA,Pama-Nyungan,vma,5,-20.83,116.5,Oceania,26
ITONAMA,Itonama,ito,5,-12.83,-64.33,SouthAmerica,25
WADYGINY,Anson_Bay,wdj,5,-13.17,130.17,Oceania,22
GALKE,Atlantic-Congo,gke,5,8.08,14.33,Africa,57
ZAPARO,Zaparoan,zro,5,-2.0,-76.33,SouthAmerica,22
KANOE,Kanoe,kxo,5,-13.33,-61.06,SouthAmerica,26
NGARIGU,Pama-Nyungan,xni,5,-36.23,149.13,Oceania,18
MARANUNGGU,Western_Daly,zmr,5,-13.67,130.0,Oceania,24
KAWAIISU,Uto-Aztecan,xaw,5,36.0,-117.5,NorthAmerica,31
LUISENO,Uto-Aztecan,lui,5,33.33,-117.17,NorthAmerica,34
YUCHI,Yuchi,yuc,4,35.75,-86.75,NorthAmerica,64
CAYUBABA,Cayuvava,cyb,4,-13.5,-65.5,SouthAmerica,33
WANGAAYBUWAN_NGIYAMBAA,Pama-Nyungan,wyb,4,-31.75,145.5,Oceania,18
INAPARI,Arawakan,inp,4,-12.5,-69.33,SouthAmerica,31
GUATO,Guato,gta,4,-17.0,-58.0,SouthAmerica,25
KUSUNDA,Kusunda,kgg,3,28.0,84.67,Asia,38
WAPPO,Yuki-Wappo,wao,3,38.5,-122.5,NorthAmerica,35
BADIMAYA,Pama-Nyungan,bia,3,-27.67,118.0,Oceania,23
NONUYA,Huitotoan,noj,3,-1.25,-72.5,SouthAmerica,26
KURUAYA,Tupian,kyr,3,-7.0,-55.57,SouthAmerica,28
UCHUMATAQU,Uru-Chipaya,ure,2,-16.75,-69.0,SouthAmerica,33
SPOKANE,Salishan,spo,2,47.67,-117.75,NorthAmerica,43
CHAMICURO,Arawakan,ccc,2,-5.33,-75.5,SouthAmerica,29
ARIKAPU,Nuclear-Macro-Je,ark,2,-12.42,-62.8,SouthAmerica,25
ORO_WIN,Chapacuran,orw,2,-11.09,-64.08,SouthAmerica,18
COEUR_DALENE,Salishan,crd,2,47.25,-116.5,NorthAmerica,48
OFAYE,Nuclear-Macro-Je,opy,2,-22.0,-57.0,SouthAmerica,24
SOUTHEASTERN_POMO,Pomoan,pom,1,39.0,-122.5,NorthAmerica,38
AMURDAK,Iwaidjan_Proper,amg,1,-12.0,133.0,Oceania,24
GAAGUDJU,Gaagudju,gbu,1,-12.62,132.83,Oceania,27
TAUSHIRO,Taushiro,trr,1,-2.5,-76.0,SouthAmerica,17
OLUTA_POPOLUCA,Mixe-Zoque,plo,1,17.95,-95.0,SouthAmerica,32
POMO_NORTHERN,Pomoan,pej,1,39.33,-123.5,NorthAmerica,39
GANGGALIDA,Tangkic,gcd,1,-17.33,138.83,Oceania,24
TEXISTEPEC_ZOQUE,Mixe-Zoque,poq,1,17.9,-94.82,SouthAmerica,29
GUNIN_KWINI,Worrorran,gww,1,-14.25,126.67,Oceania,28
YAVITERO,Arawakan,yvt,1,-1.72,-67.11,SouthAmerica,21
JABUTI,Nuclear-Macro-Je,jbt,1,-12.25,-62.25,SouthAmerica,24
APIAKA,Tupian,api,1,-10.77,-57.0,SouthAmerica,22
UMOTINA,Bororoan,umo,1,-15.0,-57.0,SouthAmerica,20
WICHITA,Caddoan,wic,1,33.33,-97.33,NorthAmerica,29
XIPAYA,Tupian,xiy,1,-12.0,-54.5,SouthAmerica,23
YAMANA,Yamana,yag,1,-55.0,-68.0,SouthAmerica,20
